Emirate,Police Station,Year,Month,Date,City,Road,Report Number,Day,Week,Report type,Reasons,Computed,Streets,Street,Place,Location,lighting,Weather,Road surface,Intersection,Accident Type,Nationalities,Seat Belt,Injured person position,Injured person's seat,Degree of the injury,Age of the injured,Gender,Gender of the injured,Inp Age,Age Group,Date - Month,Nationality of the Injured person,Day,Iac Rep Time,Time,Age Group - Ministry,Computed2,Area,Block,Str Code,Accident Description,Location,Fasten seat belt,Road speed limit,Pedestrian action,Number of Lanes
Abu Dhabi,Al Madina Police Station,2013,January,12-01-13,Abu Dhabi,Internal road,1.0013E+11,12,Second week,Traffic accident with injuries,Misuse of traffic,1,IP14 IntersectionKhalifa Bin Zayed - Al Sharqi (Muroor),IP14 IntersectionKhalifa Bin Zayed - Al Sharqi (Muroor),Commercial area,Highway,night - enough lights,clear,Dry,Perpendicular Intersection,Person run over,Bangladesh,N,Pedestrian,No passenger,Moderate,39,M,Male,39,31 to 45 years,Jan,Asian States,Saturday,20:08,PM,31 to 45 years,1,Markaziya,Block 11-1,114,"After examining and inspecting the accident's site, the following was revealed:- the vehicle that caused the accident was travelling from the north to the south taking the left lane. The victim was running from the west to the east to cross the street from between the cars and was met by the the former vehicle after he appeared suddenly coming out from between the cars that was waiting for the green light and hit him from the right side. As as a result, the victim was moderately injured and material damages were caused to the vehicle. ",Near the National Bank of Abu Dhabi,No,60,"Cross, but not on the crosswalk",4
Abu Dhabi,Shaabiya Police Station,2013,January,13-01-13,Abu Dhabi,Internal road,1.0013E+11,13,Second week,Traffic accident with injuries,Bypassing the red traffic light,1,IP11 IntersectionZayed Al Awal - Salam,IP11 IntersectionZayed Al Awal - Salam,Commercial area,Intersection,night - enough lights,clear,Dry,Perpendicular Intersection,Perpendicular collision,India,Y,Driver,Driver's seat,Minor,33,F,Female,33,31 to 45 years,Jan,Asian States,Sunday,10:00,AM,31 to 45 years,1,Markaziya,Block 53-1,98,"After examining and inspecting the accident's site, the following was revealed:- The vehicle that caused the accident was travelling from the east to the south and running the red light. The afflicted vehicle was travelling from the west to the east. The two vehicles met in the crossroads and the former collided from the frond side with the front right side of the afflicted vehicle. As a result, the driver of the former vehicle was injured and material damages were caused to the vehicles. As shown in the diagram.",The intersection of Abu Dhabi Commercial Bank,Yes,60,None,4
Abu Dhabi,Shaabiya Police Station,2013,January,13-01-13,Abu Dhabi,Internal road,1.0013E+11,13,Second week,Traffic accident with injuries,Bypassing the red traffic light,1,IP11 IntersectionZayed Al Awal - Salam,IP11 IntersectionZayed Al Awal - Salam,Commercial area,Intersection,night - enough lights,clear,Dry,Perpendicular Intersection,Perpendicular collision,India,N,Passenger,Back passenger seat,Minor,3,F,Female,3,1 to 7 years,Jan,Asian States,Sunday,10:00,AM,Below 18 years,1,Markaziya,Block 53-1,98,"After examining and inspecting the accident's site, the following was revealed:- The vehicle that caused the accident was travelling from the east to the south and running the red light. The afflicted vehicle was travelling from the west to the east. The two vehicles met in the crossroads and the former collided from the frond side with the front right side of the afflicted vehicle. As a result, the driver of the former vehicle was injured and material damages were caused to the vehicles. As shown in the diagram.",The intersection of Abu Dhabi Commercial Bank,No,60,None,4
Abu Dhabi,Khaldiya Police Station,2013,January,13-01-13,Abu Dhabi,Internal road,1.0013E+11,13,Second week,Traffic accident with injuries,Sudden deviation,1,Rashed Bin Saeed Al-Maktoum Street (2),Rashed Bin Saeed Al-Maktoum Street (2),Govt. authority,Double road,night - enough lights,clear,Dry,Not on Intersection,deterioration,UAE,N,Driver,Driver's seat,Minor,41,M,Male,41,31 to 45 years,Jan,UAE,Sunday,19:02,PM,31 to 45 years,1,Markaziya,Block 13-1,14,"After examining and inspecting the accident's site, the following was revealed:- The vehicle that caused the accident (motorcycle) was travelling from the east to the west taking the far right lane. And because he suddenly swerved, and crashed. As a result, a material damages were caused to the vehicle, the driver was moderately injured and was admitted to Khalifa Hospital.","Before Mushrif intersection, outward",No,60,None,3
Abu Dhabi,Shaabiya Police Station,2013,January,14-01-13,Abu Dhabi,Internal road,1.0013E+11,14,Second week,Traffic accident with injuries,Misuse of traffic,1,Street Hamdan Bin Mohamed(5),Street Hamdan Bin Mohamed(5),Commercial area,Highway,night - enough lights,clear,Dry,Not on or around 20 meters,Person run over,India,N,Pedestrian,No passenger,Severe,28,M,Male,28,18 to 30 years,Jan,Asian States,Monday,19:02,PM,18 to 30 years,1,Markaziya,Block 52-1,26,"After examining and inspecting the accident's site, the following was revealed:-
the vehicle that caused the accident was travelling from the north to the south taking the middle lane. While, the victim was crossing the street from the middle, the former hit him with the side of his car sending him flying 4 meters across the street and he passed out. The driver violated the pedestrian rules.  As a result, the victim was severely injured. The accident was diagrammed and everything was settled.","Hamdan Street with Baniyas Street, opposite Yateem Optics",No,60,"Cross, there's no crosswalk",3
Abu Dhabi,Khaldiya Police Station,2013,January,14-01-13,Abu Dhabi,Internal road,1.0013E+11,14,Second week,Traffic accident with injuries,Speedy without taking road conditions into account,1,Street Falah(9),Street Falah(9),Govt. authority,Double road,day,clear,Dry,Not on or around 20 meters,Rear collision,Egypt,Y,Driver,Driver's seat,Minor,31,M,Male,31,31 to 45 years,Jan,Arab States,Monday,15:00,PM,31 to 45 years,1,Manhal,Block 14-2,24,"After examining and inspecting the accident's site, the following was revealed:- The vehicle that caused the accident was travelling from south to the north taking the right lane. The other afflicted vehicles were travelling to the same direction while taking different lanes. When the afflicted vehicles reach the crossroads they stopped waiting in the traffic. The former violated the traffic rules and was speeding when he crashed into the side-walk and the wall then drifted and collided with the back side of the first afflicted vehicle and as response it crashed with the back side of the second afflicted then sequentially from the sides and the front colliding with the next vehicle then the one after. as a result, ten people were injured from amongst drivers and passengers. They all received medical treatment and two of them were severely injured and were to admitted to the hospital. Material damages were caused to the vehicles and the state's properties. As shown in the diagram. 
","Al Falah Street, before formerly General Command intersection",Yes,60,None,4
Abu Dhabi,Khaldiya Police Station,2013,January,14-01-13,Abu Dhabi,Internal road,1.0013E+11,14,Second week,Traffic accident with injuries,Speedy without taking road conditions into account,1,Street Falah(9),Street Falah(9),Govt. authority,Double road,day,clear,Dry,Not on or around 20 meters,Rear collision,Egypt,N,Passenger,Back passenger seat,Minor,4,M,Male,4,1 to 7 years,Jan,Arab States,Monday,15:00,PM,Below 18 years,1,Manhal,Block 14-2,24,"After examining and inspecting the accident's site, the following was revealed:- The vehicle that caused the accident was travelling from south to the north taking the right lane. The other afflicted vehicles were travelling to the same direction while taking different lanes. When the afflicted vehicles reach the crossroads they stopped waiting in the traffic. The former violated the traffic rules and was speeding when he crashed into the side-walk and the wall then drifted and collided with the back side of the first afflicted vehicle and as response it crashed with the back side of the second afflicted then sequentially from the sides and the front colliding with the next vehicle then the one after. as a result, ten people were injured from amongst drivers and passengers. They all received medical treatment and two of them were severely injured and were to admitted to the hospital. Material damages were caused to the vehicles and the state's properties. As shown in the diagram. 
","Al Falah Street, before formerly General Command intersection",No,60,None,4
Abu Dhabi,Khaldiya Police Station,2013,January,14-01-13,Abu Dhabi,Internal road,1.0013E+11,14,Second week,Traffic accident with injuries,Speedy without taking road conditions into account,1,Street Falah(9),Street Falah(9),Govt. authority,Double road,day,clear,Dry,Not on or around 20 meters,Rear collision,Syria,Y,Driver,Driver's seat,Minor,31,M,Male,31,31 to 45 years,Jan,Arab States,Monday,15:00,PM,31 to 45 years,1,Manhal,Block 14-2,24,"After examining and inspecting the accident's site, the following was revealed:- The vehicle that caused the accident was travelling from south to the north taking the right lane. The other afflicted vehicles were travelling to the same direction while taking different lanes. When the afflicted vehicles reach the crossroads they stopped waiting in the traffic. The former violated the traffic rules and was speeding when he crashed into the side-walk and the wall then drifted and collided with the back side of the first afflicted vehicle and as response it crashed with the back side of the second afflicted then sequentially from the sides and the front colliding with the next vehicle then the one after. as a result, ten people were injured from amongst drivers and passengers. They all received medical treatment and two of them were severely injured and were to admitted to the hospital. Material damages were caused to the vehicles and the state's properties. As shown in the diagram. 
","Al Falah Street, before formerly General Command intersection",Yes,60,None,4
Abu Dhabi,Khaldiya Police Station,2013,January,14-01-13,Abu Dhabi,Internal road,1.0013E+11,14,Second week,Traffic accident with injuries,Speedy without taking road conditions into account,1,Street Falah(9),Street Falah(9),Govt. authority,Double road,day,clear,Dry,Not on or around 20 meters,Rear collision,Philippines,Y,Passenger,Back passenger seat,Minor,50,F,Female,50,46 to 60 years,Jan,Asian States,Monday,15:00,PM,46 to 60 years,1,Manhal,Block 14-2,24,"After examining and inspecting the accident's site, the following was revealed:- The vehicle that caused the accident was travelling from south to the north taking the right lane. The other afflicted vehicles were travelling to the same direction while taking different lanes. When the afflicted vehicles reach the crossroads they stopped waiting in the traffic. The former violated the traffic rules and was speeding when he crashed into the side-walk and the wall then drifted and collided with the back side of the first afflicted vehicle and as response it crashed with the back side of the second afflicted then sequentially from the sides and the front colliding with the next vehicle then the one after. as a result, ten people were injured from amongst drivers and passengers. They all received medical treatment and two of them were severely injured and were to admitted to the hospital. Material damages were caused to the vehicles and the state's properties. As shown in the diagram. 
","Al Falah Street, before formerly General Command intersection",Yes,60,None,4
Abu Dhabi,Khaldiya Police Station,2013,January,14-01-13,Abu Dhabi,Internal road,1.0013E+11,14,Second week,Traffic accident with injuries,Speedy without taking road conditions into account,1,Street Falah(9),Street Falah(9),Govt. authority,Double road,day,clear,Dry,Not on or around 20 meters,Rear collision,Philippines,Y,Passenger,Back passenger seat,Minor,47,F,Female,47,46 to 60 years,Jan,Asian States,Monday,15:00,PM,46 to 60 years,1,Manhal,Block 14-2,24,"After examining and inspecting the accident's site, the following was revealed:- The vehicle that caused the accident was travelling from south to the north taking the right lane. The other afflicted vehicles were travelling to the same direction while taking different lanes. When the afflicted vehicles reach the crossroads they stopped waiting in the traffic. The former violated the traffic rules and was speeding when he crashed into the side-walk and the wall then drifted and collided with the back side of the first afflicted vehicle and as response it crashed with the back side of the second afflicted then sequentially from the sides and the front colliding with the next vehicle then the one after. as a result, ten people were injured from amongst drivers and passengers. They all received medical treatment and two of them were severely injured and were to admitted to the hospital. Material damages were caused to the vehicles and the state's properties. As shown in the diagram. 
","Al Falah Street, before formerly General Command intersection",Yes,60,None,4
Abu Dhabi,Khaldiya Police Station,2013,January,14-01-13,Abu Dhabi,Internal road,1.0013E+11,14,Second week,Traffic accident with injuries,Speedy without taking road conditions into account,1,Street Falah(9),Street Falah(9),Govt. authority,Double road,day,clear,Dry,Not on or around 20 meters,Rear collision,Philippines,N,Passenger,Back passenger seat,Minor,41,F,Female,41,31 to 45 years,Jan,Asian States,Monday,15:00,PM,31 to 45 years,1,Manhal,Block 14-2,24,"After examining and inspecting the accident's site, the following was revealed:- The vehicle that caused the accident was travelling from south to the north taking the right lane. The other afflicted vehicles were travelling to the same direction while taking different lanes. When the afflicted vehicles reach the crossroads they stopped waiting in the traffic. The former violated the traffic rules and was speeding when he crashed into the side-walk and the wall then drifted and collided with the back side of the first afflicted vehicle and as response it crashed with the back side of the second afflicted then sequentially from the sides and the front colliding with the next vehicle then the one after. as a result, ten people were injured from amongst drivers and passengers. They all received medical treatment and two of them were severely injured and were to admitted to the hospital. Material damages were caused to the vehicles and the state's properties. As shown in the diagram. 
","Al Falah Street, before formerly General Command intersection",No,60,None,4
Abu Dhabi,Khaldiya Police Station,2013,January,14-01-13,Abu Dhabi,Internal road,1.0013E+11,14,Second week,Traffic accident with injuries,Speedy without taking road conditions into account,1,Street Falah(9),Street Falah(9),Govt. authority,Double road,day,clear,Dry,Not on or around 20 meters,Rear collision,Syria,N,Passenger,Back passenger seat,Minor,10,F,Female,10,8 to 17 years,Jan,Arab States,Monday,15:00,PM,Below 18 years,1,Manhal,Block 14-2,24,"After examining and inspecting the accident's site, the following was revealed:- The vehicle that caused the accident was travelling from south to the north taking the right lane. The other afflicted vehicles were travelling to the same direction while taking different lanes. When the afflicted vehicles reach the crossroads they stopped waiting in the traffic. The former violated the traffic rules and was speeding when he crashed into the side-walk and the wall then drifted and collided with the back side of the first afflicted vehicle and as response it crashed with the back side of the second afflicted then sequentially from the sides and the front colliding with the next vehicle then the one after. as a result, ten people were injured from amongst drivers and passengers. They all received medical treatment and two of them were severely injured and were to admitted to the hospital. Material damages were caused to the vehicles and the state's properties. As shown in the diagram. 
","Al Falah Street, before formerly General Command intersection",No,60,None,4
Abu Dhabi,Khaldiya Police Station,2013,January,14-01-13,Abu Dhabi,Internal road,1.0013E+11,14,Second week,Traffic accident with injuries,Speedy without taking road conditions into account,1,Street Falah(9),Street Falah(9),Govt. authority,Double road,day,clear,Dry,Not on or around 20 meters,Rear collision,Syria,N,Passenger,Front passenger seat,Minor,16,M,Male,16,8 to 17 years,Jan,Arab States,Monday,15:00,PM,Below 18 years,1,Manhal,Block 14-2,24,"After examining and inspecting the accident's site, the following was revealed:- The vehicle that caused the accident was travelling from south to the north taking the right lane. The other afflicted vehicles were travelling to the same direction while taking different lanes. When the afflicted vehicles reach the crossroads they stopped waiting in the traffic. The former violated the traffic rules and was speeding when he crashed into the side-walk and the wall then drifted and collided with the back side of the first afflicted vehicle and as response it crashed with the back side of the second afflicted then sequentially from the sides and the front colliding with the next vehicle then the one after. as a result, ten people were injured from amongst drivers and passengers. They all received medical treatment and two of them were severely injured and were to admitted to the hospital. Material damages were caused to the vehicles and the state's properties. As shown in the diagram. 
","Al Falah Street, before formerly General Command intersection",No,60,None,4
Abu Dhabi,Khaldiya Police Station,2013,January,14-01-13,Abu Dhabi,Internal road,1.0013E+11,14,Second week,Traffic accident with injuries,Speedy without taking road conditions into account,1,Street Falah(9),Street Falah(9),Govt. authority,Double road,day,clear,Dry,Not on or around 20 meters,Rear collision,Syria,N,Passenger,Back passenger seat,Severe,17,F,Female,17,8 to 17 years,Jan,Arab States,Monday,15:00,PM,Below 18 years,1,Manhal,Block 14-2,24,"After examining and inspecting the accident's site, the following was revealed:- The vehicle that caused the accident was travelling from south to the north taking the right lane. The other afflicted vehicles were travelling to the same direction while taking different lanes. When the afflicted vehicles reach the crossroads they stopped waiting in the traffic. The former violated the traffic rules and was speeding when he crashed into the side-walk and the wall then drifted and collided with the back side of the first afflicted vehicle and as response it crashed with the back side of the second afflicted then sequentially from the sides and the front colliding with the next vehicle then the one after. as a result, ten people were injured from amongst drivers and passengers. They all received medical treatment and two of them were severely injured and were to admitted to the hospital. Material damages were caused to the vehicles and the state's properties. As shown in the diagram. 
","Al Falah Street, before formerly General Command intersection",No,60,None,4
Abu Dhabi,Khaldiya Police Station,2013,January,14-01-13,Abu Dhabi,Internal road,1.0013E+11,14,Second week,Traffic accident with injuries,Speedy without taking road conditions into account,1,Street Falah(9),Street Falah(9),Govt. authority,Double road,day,clear,Dry,Not on or around 20 meters,Rear collision,Syria,N,Passenger,Back passenger seat,Severe,50,F,Female,50,46 to 60 years,Jan,Arab States,Monday,15:00,PM,46 to 60 years,1,Manhal,Block 14-2,24,"After examining and inspecting the accident's site, the following was revealed:- The vehicle that caused the accident was travelling from south to the north taking the right lane. The other afflicted vehicles were travelling to the same direction while taking different lanes. When the afflicted vehicles reach the crossroads they stopped waiting in the traffic. The former violated the traffic rules and was speeding when he crashed into the side-walk and the wall then drifted and collided with the back side of the first afflicted vehicle and as response it crashed with the back side of the second afflicted then sequentially from the sides and the front colliding with the next vehicle then the one after. as a result, ten people were injured from amongst drivers and passengers. They all received medical treatment and two of them were severely injured and were to admitted to the hospital. Material damages were caused to the vehicles and the state's properties. As shown in the diagram. 
","Al Falah Street, before formerly General Command intersection",No,60,None,4
Abu Dhabi,Al Madina Police Station,2013,January,15-01-13,Abu Dhabi,Internal road,1.0013E+11,15,Third week,Traffic accident with injuries,Bypassing the red traffic light,1,IP38 IntersectionZayed Al Awal - Street 10,IP38 IntersectionZayed Al Awal - Street 10,Commercial area,Intersection,night - weak lights,clear,Dry,Perpendicular Intersection,Perpendicular collision,UAE,N,Passenger,Front passenger seat,Minor,31,M,Male,31,31 to 45 years,Jan,UAE,Tuesday,9:30,AM,31 to 45 years,1,Mina,Block 73-1,99,"After examining and inspecting the accident's site, the following was revealed:-
the vehicle that caused the accident was travelling from the west to the north taking the second lane from left. The first afflicted vehicle was travelling from the east to the to the west taking the middle lane. The second and the third afflicted vehicles were standing on the left north side of the cross-road. The former ran the red light and the right side of his vehicle collided with right from side of the second afflicted vehicle. Which lead that the former to drift to the north and collide with the second afflicted vehicle which in returns collided from the back side with front side of the third afflicted vehicle. As shown in the diagram. ","Al Salam Street, Tourist Club Area",No,60,None,4
Abu Dhabi,Shaabiya Police Station,2013,January,16-01-13,Abu Dhabi,Internal road,1.0013E+11,16,Third week,Traffic accident with injuries,Negligence and inobservance,1,Al Sharqi Street (Muroor) (4),Al Sharqi Street (Muroor) (4),Govt. authority,Highway,night - enough lights,clear,Dry,Not on Intersection,deterioration,India,Y,Driver,Driver's seat,Minor,25,M,Male,25,18 to 30 years,Jan,Asian States,Wednesday,2:45,PM,18 to 30 years,1,Markaziya,Block 31-1,13,"the vehicle that caused the accident was travelling from the west to the east and drifted out it’s lane and out of the road them crashed into the side-walk and all of that was because the driver was distracted. as a result, the driver was moderately injured as shown in the diagram.","Sharqi Ring Road, Exit 24, outward",Yes,80,None,4
Abu Dhabi,Shaabiya Police Station,2013,January,16-01-13,Abu Dhabi,Internal road,1.0013E+11,16,Third week,Traffic accident with injuries,Bypassing the red traffic light,1,IP75D IntersectionAl Sharqi (Muroor) - Street 31,IP75D IntersectionAl Sharqi (Muroor) - Street 31,Commercial area,Intersection,day,clear,Dry,Perpendicular Intersection,Side collision,Syria,N,Driver,Driver's seat,Moderate,47,F,Female,47,46 to 60 years,Jan,Arab States,Wednesday,9:13,AM,46 to 60 years,1,Hadbat Al Zafaran,Block 25-1,186,"after examining and inspecting the accident's site, the following was revealed:-
the vehicle that caused the accident was travelling from the .. And taking a turn to the east. The afflicted vehicle was travelling from the south to the north taking the right lane. The former ran the red light and it’s the front right side collided with the front side of the afflicted vehicle. As a result, both drivers were injured and received medical treatment Sheikh Khalifa Hospital. As shown in the diagram.","Al Muroor Street, Formerly Al-Haraj Intersection",No,80,None,4
Abu Dhabi,Shaabiya Police Station,2013,January,16-01-13,Abu Dhabi,Internal road,1.0013E+11,16,Third week,Traffic accident with injuries,Bypassing the red traffic light,1,IP75D IntersectionAl Sharqi (Muroor) - Street 31,IP75D IntersectionAl Sharqi (Muroor) - Street 31,Commercial area,Intersection,day,clear,Dry,Perpendicular Intersection,Side collision,Pakistan,N,Driver,Driver's seat,Minor,53,M,Male,53,46 to 60 years,Jan,Asian States,Wednesday,9:13,AM,46 to 60 years,1,Hadbat Al Zafaran,Block 25-1,186,"after examining and inspecting the accident's site, the following was revealed:-
the vehicle that caused the accident was travelling from the .. And taking a turn to the east. The afflicted vehicle was travelling from the south to the north taking the right lane. The former ran the red light and it’s the front right side collided with the front side of the afflicted vehicle. As a result, both drivers were injured and received medical treatment Sheikh Khalifa Hospital. As shown in the diagram.","Al Muroor Street, Formerly Al-Haraj Intersection",No,80,None,4
Abu Dhabi,Shaabiya Police Station,2013,January,16-01-13,Abu Dhabi,Internal road,1.0013E+11,16,Third week,Traffic accident with injuries,Ignoring road lane,1,IP11 IntersectionZayed Al Awal - Salam,IP11 IntersectionZayed Al Awal - Salam,Commercial area,Intersection,night - enough lights,clear,Dry,Perpendicular Intersection,Perpendicular collision,Egypt,N,Passenger,Front passenger seat,Moderate,2,F,Female,2,1 to 7 years,Jan,Arab States,Wednesday,22:08,PM,Below 18 years,1,Markaziya,Block 53-1,98,"after examining and inspecting the accident's site, the following was revealed:-
the vehicle that caused the accident was travelling from west to the east taking the second lane from the left. The afflicted vehicle was driving slowly. The former didn’t keep to his lane and drifted to the left side to collide from it’s left side with the front side of the afflicted vehicle. Which in returns made the afflicted vehicle drift and crash into the light pole that was on the side-walk. As shown in the diagram.","Sheikh Zayed Road, Serie El Din intersection",No,60,None,4
Abu Dhabi,Shaabiya Police Station,2013,January,16-01-13,Abu Dhabi,Internal road,1.0013E+11,16,Third week,Traffic accident with injuries,Ignoring road lane,1,IP11 IntersectionZayed Al Awal - Salam,IP11 IntersectionZayed Al Awal - Salam,Commercial area,Intersection,night - enough lights,clear,Dry,Perpendicular Intersection,Perpendicular collision,Egypt,Y,Passenger,Front passenger seat,Minor,24,F,Female,24,18 to 30 years,Jan,Arab States,Wednesday,22:08,PM,18 to 30 years,1,Markaziya,Block 53-1,98,"after examining and inspecting the accident's site, the following was revealed:-
the vehicle that caused the accident was travelling from west to the east taking the second lane from the left. The afflicted vehicle was driving slowly. The former didn’t keep to his lane and drifted to the left side to collide from it’s left side with the front side of the afflicted vehicle. Which in returns made the afflicted vehicle drift and crash into the light pole that was on the side-walk. As shown in the diagram.","Sheikh Zayed Road, Serie El Din intersection",Yes,60,None,4
Abu Dhabi,Shaabiya Police Station,2013,January,16-01-13,Abu Dhabi,Internal road,1.0013E+11,16,Third week,Traffic accident with injuries,Ignoring road lane,1,IP11 IntersectionZayed Al Awal - Salam,IP11 IntersectionZayed Al Awal - Salam,Commercial area,Intersection,night - enough lights,clear,Dry,Perpendicular Intersection,Perpendicular collision,Egypt,Y,Driver,Driver's seat,Minor,26,M,Male,26,18 to 30 years,Jan,Arab States,Wednesday,22:08,PM,18 to 30 years,1,Markaziya,Block 53-1,98,"after examining and inspecting the accident's site, the following was revealed:-
the vehicle that caused the accident was travelling from west to the east taking the second lane from the left. The afflicted vehicle was driving slowly. The former didn’t keep to his lane and drifted to the left side to collide from it’s left side with the front side of the afflicted vehicle. Which in returns made the afflicted vehicle drift and crash into the light pole that was on the side-walk. As shown in the diagram.","Sheikh Zayed Road, Serie El Din intersection",Yes,60,None,4
Abu Dhabi,Khaldiya Police Station,2013,January,17-01-13,Abu Dhabi,Internal road,1.0013E+11,17,Third week,Traffic accident with injuries,Bypassing the red traffic light,1,IP34 IntersectionFalah - Street 26,IP34 IntersectionFalah - Street 26,Mosque,Intersection,night - enough lights,clear,Dry,Perpendicular Intersection,Perpendicular collision,Egypt,N,Passenger,Back passenger seat,Moderate,27,M,Male,27,18 to 30 years,Jan,Arab States,Thursday,20:15,PM,18 to 30 years,1,Manhal,Block 54-2,155,"After examining and inspecting the accident's site, the following was revealed:- 
the vehicle that caused the accident was travelling from the south to the south taking the second lane from the right. The afflicted vehicle was travelling from the south to the north and turning to the west. The former ran the red light and collided from its left side with the front side of the afflicted vehicle. The powerful impact made the former drift and crash into the traffic light pole. As a result, one of the passengers from the vehicle that caused the accident was injured were caused to the vehicles and  state's properties. The accident was diagrammed and everything was settled.  ",Al Falah Street intersection with Abu Bakr Al Siddiq Mosque,No,60,None,4
Abu Dhabi,Shaabiya Police Station,2013,January,17-01-13,Abu Dhabi,Internal road,1.0013E+11,17,Third week,Traffic accident with injuries,Not giving priority to pedestrian crossing,1,Street Hamdan Bin Mohamed(5),Street Hamdan Bin Mohamed(5),Commercial area,Single road,day,clear,Dry,Not on Intersection,Person run over,Palestine,N,Pedestrian,No passenger,Moderate,14,M,Male,14,8 to 17 years,Jan,Arab States,Thursday,15:23,PM,Below 18 years,1,Markaziya,Block 52-1,26,"After examining and inspecting the accident's site, the following was revealed:-
the vehicle that caused the accident was travelling from the south to the north and hit the victim with the front right  side of his vehicle when he was crossing the street from east to the west because the former violated the pedestrian's rules. As a result, the victim was injured as shown in the diagram.",Near Liwa Center,No,60,Cross on crosswalk not in the intersection,3
Abu Dhabi,Khaldiya Police Station,2013,January,17-01-13,Abu Dhabi,Internal road,1.0013E+11,17,Third week,Traffic accident with injuries,Bypassing the red traffic light,1,IP33B IntersectionFalah - Arabian Gulf,IP33B IntersectionFalah - Arabian Gulf,Residential area,Intersection,day,clear,Dry,Perpendicular Intersection,Perpendicular collision,Egypt,Y,Driver,Driver's seat,Moderate,34,F,Female,34,31 to 45 years,Jan,Arab States,Thursday,17:06,PM,31 to 45 years,1,Al Butain,Block 74-2,157,"After examining and inspecting the accident's site, the following was revealed:- 
the vehicle that caused the accident was travelling from the west to the east taking the second lane from the left. The afflicted vehicle was travelling from the east to west talking the second lane from the left. The former reach the crossroads to take a left turn and ran the red light then collide from the right back side of his vehicle with the front side of the afflicted vehicle. as a result, the driver of the former vehicle was injured and material damages were caused to both vehicles. As shown in the diagram.",The intersection of Al Falah Street with the Arabian Gulf Street,Yes,60,None,4
Abu Dhabi,Shaabiya Police Station,2013,January,19-01-13,Abu Dhabi,Internal road,1.0013E+11,19,Third week,Traffic accident with injuries,Bypassing the red traffic light,1,IP44 IntersectionSalam - Hazaa Bin Zayed Al Awal,IP44 IntersectionSalam - Hazaa Bin Zayed Al Awal,Bridge / Tunnel,Intersection,day,clear,Dry,Multiple leg Intersection,Perpendicular collision,Nepal,Y,Driver,Driver's seat,Moderate,37,M,Male,37,31 to 45 years,Jan,Other,Saturday,16:30,PM,31 to 45 years,1,Dhafra (Abu Dhabi),Block 55-1,160,"After examining and inspecting the accident's site, the following was revealed:-
the vehicle that caused the accident was travelling from the north to the south taking left lane. The two afflicted vehicles were travelling from the east to the west, the first was taking the right lane then switched to the left lane, the second one was close behind. When they all reach the crossroads, the former vehicle ran the red light and collided from the left side with the front side of the first afflicted vehicle. The powerful impact lead the former to drift out of the crossroads and crash into the road’s triangle then the light pole causing a part of the car to detach and fall on the top of the second afflicted vehicle’s hood. And they all stopped. The accident was diagrammed.",The intersection of Hazaa Street with Al Salam Street,Yes,60,None,3