Emirate,Police Station,Year,Month,Date,City,Road,Report Number,Day,Week,Report type,Reasons,Computed,Streets,Street,Place,Location,lighting,Weather,Road surface,Intersection,Accident Type,Nationalities,Seat Belt,Injured person position,Injured person's seat,Degree of the injury,Age of the injured,Gender,Gender of the injured,Inp Age,Age Group,Date - Month,Nationality of the Injured person,Day,Iac Rep Time,Time,Age Group - Ministry,Computed2,Area,Block,Str Code,Accident Description,Location,Fasten seat belt,Road speed limit,Pedestrian action,Number of Lanes
Abu Dhabi,Khaldiya Police Station,2013,January,28-01-13,Abu Dhabi,Internal road,1.0013E+11,28,Fourth week,Traffic accident with injuries,Sudden deviation,1,Khalifa Bin Shakhbout Street (28),Khalifa Bin Shakhbout Street (28),Residential area,Double road,day,clear,Dry,Not on or around 20 meters,Side collision,Yemen,Y,Driver,Driver's seat,Minor,24,M,Male,24,18 to 30 years,Jan,GCC,Monday,11:25,AM,18 to 30 years,1,Mushrif,Block 38-2,18,"After examining and inspecting the accident's site, the following was revealed:- the vehicle that caused the accident was travelling from the west to the east taking the far left lane. The afflicted vehicle was travelling to the same direction while taking the the far right lane. The former suddenly switched lanes from the far left to the far right and collided from the right front side with the the left front side of the afflicted vehicle then the former drifted to the right and crashed into the road triangle and again into a traffic sign pole. as a result, the drivers were injured and material damages were caused to the vehicles. The accident was diagrammed. ","Khalifa bin Shakhbout Street before the intersection of the disabled, inward",Yes,60,None,3
Abu Dhabi,Khaldiya Police Station,2013,January,28-01-13,Abu Dhabi,Internal road,1.0013E+11,28,Fourth week,Traffic accident with injuries,Sudden deviation,1,Khalifa Bin Shakhbout Street (28),Khalifa Bin Shakhbout Street (28),Residential area,Double road,day,clear,Dry,Not on or around 20 meters,Side collision,Kazakhstan,Y,Driver,Driver's seat,Minor,51,F,Female,51,46 to 60 years,Jan,Other,Monday,11:25,AM,46 to 60 years,1,Mushrif,Block 38-2,18,"After examining and inspecting the accident's site, the following was revealed:- the vehicle that caused the accident was travelling from the west to the east taking the far left lane. The afflicted vehicle was travelling to the same direction while taking the the far right lane. The former suddenly switched lanes from the far left to the far right and collided from the right front side with the the left front side of the afflicted vehicle then the former drifted to the right and crashed into the road triangle and again into a traffic sign pole. as a result, the drivers were injured and material damages were caused to the vehicles. The accident was diagrammed.","Khalifa bin Shakhbout Street before the intersection of the disabled, inward",Yes,60,None,3
Abu Dhabi,Khaldiya Police Station,2013,January,28-01-13,Abu Dhabi,Internal road,1.0013E+11,28,Fourth week,Traffic accident with injuries,Speedy without taking road conditions into account,1,IP134 IntersectionAl Saada - Street 32,IP134 IntersectionAl Saada - Street 32,Residential area,Intersection,day,clear,Dry,Perpendicular Intersection,deterioration,UAE,Y,Passenger,Front passenger seat,Minor,24,M,Male,24,18 to 30 years,Jan,UAE,Monday,13:40,PM,18 to 30 years,1,Mushrif,Block 79-2,135,"After examining and inspecting the accident's site, the following was revealed:- 
the vehicle that caused the accident was travelling from the west to the east taking the middle lane and turning to the north. And while making a turn from Sheikh Sultan street to Al-Saada street, the driver lost control of his vehicle because he was speeding. Which made the vehicle roll-over 30 meters away then crash into the side-walk and landing on its right side. As a result, the driver was injured and material damages were  caused to the vehicle and the state’s properties. As shown in the diagram.  ",The intersection of Al Saada Street with Sheikh Sultan Street (Al Hudayriat intersection),Yes,60,None,3
Abu Dhabi,Khaldiya Police Station,2013,January,28-01-13,Abu Dhabi,Internal road,1.0013E+11,28,Fourth week,Traffic accident with injuries,Speedy without taking road conditions into account,1,IP134 IntersectionAl Saada - Street 32,IP134 IntersectionAl Saada - Street 32,Residential area,Intersection,day,clear,Dry,Perpendicular Intersection,deterioration,UAE,Y,Driver,Driver's seat,Moderate,25,M,Male,25,18 to 30 years,Jan,UAE,Monday,13:40,PM,18 to 30 years,1,Mushrif,Block 79-2,135,"After examining and inspecting the accident's site, the following was revealed:- 
the vehicle that caused the accident was travelling from the west to the east taking the middle lane and turning to the north. And while making a turn from Sheikh Sultan street to Al-Saada street, the driver lost control of his vehicle because he was speeding. Which made the vehicle roll-over 30 meters away then crash into the side-walk and landing on its right side. As a result, the driver was injured and material damages were  caused to the vehicle and the state’s properties. As shown in the diagram. ",The intersection of Al Saada Street with Sheikh Sultan Street (Al Hudayriat intersection),Yes,60,None,3
Abu Dhabi,Khaldiya Police Station,2013,January,29-01-13,Abu Dhabi,Internal road,1.0013E+11,29,Fifth week,Traffic accident with injuries,Exceeding speed limit,1,IP72 IntersectionAl Saada - Karama,IP72 IntersectionAl Saada - Karama,Govt. authority,Double road,day,clear,Dry,Not on or around 20 meters,Rear collision,UAE,Y,Driver,Driver's seat,Minor,21,M,Male,21,18 to 30 years,Jan,UAE,Tuesday,13:00,PM,18 to 30 years,1,Mushrif,Block 38-2,132,"After examining and inspecting the accident's site, the following was revealed:- The two vehicles were travelling from the east to the west, coming from the (General Women's Union) side and reaching the edge of the crossroads. The  vehicle that caused the accident was in the middle lane and the afflicted vehicle was right in front of it. The former was speeding and when they all reached the crossroads, he didn’t leave a space between his vehicle and the afflicted vehicle and collided from the front side with back side of the afflicted vehicle. Which lead the latter to spin and drift crashing into the road triangle then the traffic light pole. as a result, the driver of the former was injured, and material damages were caused to the vehicles and the state’s properties. as shown in the diagram.",In front of the women's union intersection,Yes,60,None,3
Abu Dhabi,Khaldiya Police Station,2013,January,29-01-13,Abu Dhabi,Internal road,1.0013E+11,29,Fifth week,Traffic accident with injuries,Negligence and inobservance,1,Street Karama(24),Street Karama(24),Govt. authority,Car parking,day,clear,Dry,Not on Intersection,Person run over,Syria,N,Pedestrian,No passenger,Minor,21,F,Female,21,18 to 30 years,Jan,Arab States,Tuesday,14:00,PM,18 to 30 years,1,Karama,Block 16-2,15,"After examining and inspecting the accident's site, the following was revealed:-
the vehicle that caused the accident was parked in the parking lot.  And because of the negligence of the driver, the vehicle moved on it’s own, surprising the victim who was walking and hit him then continued moving to the front and crashing into the wall. The accident was diagrammed as shown.",In front of the Karama clinic,No,40,"Cross, there's no crosswalk",1
Abu Dhabi,Khaldiya Police Station,2013,January,29-01-13,Abu Dhabi,Internal road,1.0013E+11,29,Fifth week,Traffic accident with injuries,Not leaving enough space,1,Street Arabian Gulf(30),Street Arabian Gulf(30),Residential area,Other(specify),day,clear,Dry,Not on Intersection,Rear collision,Jordan,Y,Driver,Driver's seat,Minor,57,M,Male,57,46 to 60 years,Jan,Arab States,Tuesday,15:00,PM,46 to 60 years,1,Mushrif,Block 45-2,16,"After examining and inspecting the accident's site, the following was revealed:-
the vehicle that caused the accident was travelling from the west to the east entering Al-Meshrf gas station. The afflicted vehicle was parked in the south side. The former wasn’t paying attention and collided from the front side with the back side of the afflicted vehicle. as a result, the driver of the former was injured and a material damages were caused to the vehicles. As shown in the diagram.","Arabian Gulf Street (ADNOC Station, Al Mushrif)",Yes,20,None,
Abu Dhabi,Khaldiya Police Station,2013,January,29-01-13,Abu Dhabi,Internal road,1.0013E+11,29,Fifth week,Traffic accident with injuries,Not giving way / not giving priority,1,Street Mohamed Bin Khalifa(15),Street Mohamed Bin Khalifa(15),Residential area,Roundabout,day,clear,Dry,Roundabout,Perpendicular collision,Iraq,Y,Driver,Driver's seat,Minor,37,M,Male,37,31 to 45 years,Jan,Arab States,Tuesday,17:35,PM,31 to 45 years,1,Rawdah,Block 57-2,21,"After examining and inspecting the accident's site, the following was revealed:- the vehicle that caused the accident was travelling from the east to the west taking the middle lane. The afflicted vehicle was travelling from the north to the south taking the middle lane. When the former reach the Roundabout, and because he didn't give the priority to the vehicles that come from the left, he collided from the front side with the right side of the afflicted vehicle. Which lead the latter to drift to the right side and crash into roundabout’s pavement then settle in the middle of the circle. as a result,  
",The intersection of Muhammed Bin Khalifa Street with 29th Street (Al Rawda District),Yes,60,None,3
Abu Dhabi,Al Madina Police Station,2013,January,30-01-13,Abu Dhabi,Internal road,1.0013E+11,30,Fifth week,Traffic accident with injuries,Bypassing the red traffic light,1,IP41 IntersectionMina - Street 10,IP41 IntersectionMina - Street 10,Commercial area,Intersection,day,clear,Dry,Perpendicular Intersection,Perpendicular collision,Egypt,N,Passenger,Front passenger seat,Minor,13,F,Female,13,8 to 17 years,Jan,Arab States,Wednesday,7:15,AM,Below 18 years,1,Mina,Block 71-1,119,"After examining and inspecting the accident's site, the following was revealed:-
the vehicle that caused the accident was travelling from the south to the north. The afflicted vehicle was travelling from the east to the west. The former ran the red light and collided from the front right side with the front left side of the afflicted vehicle. The accident was diagrammed. ","The intersection of the Capital Hotel, Al Mina Street, with the old Mazda",No,60,None,3
Abu Dhabi,Khaldiya Police Station,2013,January,31-01-13,Abu Dhabi,Internal road,1.0013E+11,31,Fifth week,Traffic accident with injuries,Not leaving enough space,1,Street Arabian Gulf(30),Street Arabian Gulf(30),Residential area,Double road,day,clear,Dry,Not on or around 20 meters,Multiple collision,UAE,N,Driver,Driver's seat,Minor,27,F,Female,27,18 to 30 years,Jan,UAE,Thursday,14:00,PM,18 to 30 years,1,Al Butain,Block 74-2,16,"After examining and inspecting the accident's site, the following was revealed:- the vehicles were travelling from east to the west taking the right lane. the vehicle that caused the accident didn’t keep a distance between her and the first afflicted vehicle and collided from the front side with the back side of the latter. Then the latter collided from the front side with the back side of the second afflicted vehicle, leading it to colliding from the front side with the back side of the third afflicted vehicle. as a result, the driver of the first afflicted vehicle and the passengers of the former vehicle and the third afflicted vehicle were injured. As shown in the digram. ","Arabian Gulf Street, after the intersection of Saeed bin Tahnoun, inward, opposite Al Muharba",No,60,None,4
Abu Dhabi,Khaldiya Police Station,2013,January,31-01-13,Abu Dhabi,Internal road,1.0013E+11,31,Fifth week,Traffic accident with injuries,Not leaving enough space,1,Street Arabian Gulf(30),Street Arabian Gulf(30),Residential area,Double road,day,clear,Dry,Not on or around 20 meters,Multiple collision,Syria,N,Passenger,Back passenger seat,Minor,12,M,Male,12,8 to 17 years,Jan,Arab States,Thursday,14:00,PM,Below 18 years,1,Al Butain,Block 74-2,16,"After examining and inspecting the accident's site, the following was revealed:- the vehicles were travelling from east to the west taking the right lane. the vehicle that caused the accident didn’t keep a distance between her and the first afflicted vehicle and collided from the front side with the back side of the latter. Then the latter collided from the front side with the back side of the second afflicted vehicle, leading it to colliding from the front side with the back side of the third afflicted vehicle. as a result, the driver of the first afflicted vehicle and the passengers of the former vehicle and the third afflicted vehicle were injured. As shown in the digram.","Arabian Gulf Street, after the intersection of Saeed bin Tahnoun, inward, opposite Al Muharba",No,60,None,4
Abu Dhabi,Khaldiya Police Station,2013,January,31-01-13,Abu Dhabi,Internal road,1.0013E+11,31,Fifth week,Traffic accident with injuries,Not leaving enough space,1,Street Arabian Gulf(30),Street Arabian Gulf(30),Residential area,Double road,day,clear,Dry,Not on or around 20 meters,Multiple collision,Palestine,N,Passenger,Back passenger seat,Minor,14,M,Male,14,8 to 17 years,Jan,Arab States,Thursday,14:00,PM,Below 18 years,1,Al Butain,Block 74-2,16,"After examining and inspecting the accident's site, the following was revealed:- the vehicles were travelling from east to the west taking the right lane. the vehicle that caused the accident didn’t keep a distance between her and the first afflicted vehicle and collided from the front side with the back side of the latter. Then the latter collided from the front side with the back side of the second afflicted vehicle, leading it to colliding from the front side with the back side of the third afflicted vehicle. as a result, the driver of the first afflicted vehicle and the passengers of the former vehicle and the third afflicted vehicle were injured. As shown in the digram.","Arabian Gulf Street, after the intersection of Saeed bin Tahnoun, inward, opposite Al Muharba",No,60,None,4
Abu Dhabi,Shaabiya Police Station,2013,February,01-02-13,Abu Dhabi,Internal road,1.0013E+11,1,First week,Traffic accident with injuries,Negligent driving,1,Al Sharqi Street (Muroor) (4),Al Sharqi Street (Muroor) (4),Commercial area,Highway,day,clear,Dry,Not on or around 20 meters,Perpendicular collision,Jordan,N,Passenger,Back passenger seat,Minor,0,F,Female,0, Undefined,Feb,Arab States,Friday,19:50,PM,Undefined,1,Madinat Zayed (Abu Dhabi),Block 34-1,13,"After examining and inspecting the accident's site, the following was revealed:- the vehicle that caused the accident was travelling from the east to the west taking the second lane from the right. The afflicted vehicles were in the front, on the same lane. Because the former was speeding, his vehicle drifted to the right side and spin to collide from the front with the back right side of the first afflicted vehicle. The force of the impact lead the former to drift 9.3 meters away to collide again from front side with the back side of the second afflicted vehicle. Then again drift 11.7 meters away to crash into the right side-walk. as shown in the diagram.",An accident occurred on Al Muroor Street,No,60,None,4
Abu Dhabi,Shaabiya Police Station,2013,February,01-02-13,Abu Dhabi,Internal road,1.0013E+11,1,First week,Traffic accident with injuries,Negligent driving,1,Al Sharqi Street (Muroor) (4),Al Sharqi Street (Muroor) (4),Commercial area,Highway,day,clear,Dry,Not on or around 20 meters,Perpendicular collision,Jordan,N,Passenger,Front passenger seat,Minor,27,F,Female,27,18 to 30 years,Feb,Arab States,Friday,19:50,PM,18 to 30 years,1,Madinat Zayed (Abu Dhabi),Block 34-1,13,"After examining and inspecting the accident's site, the following was revealed:- the vehicle that caused the accident was travelling from the east to the west taking the second lane from the right. The afflicted vehicles were in the front, on the same lane. Because the former was speeding, his vehicle drifted to the right side and spin to collide from the front with the back right side of the first afflicted vehicle. The force of the impact lead the former to drift 9.3 meters away to collide again from front side with the back side of the second afflicted vehicle. Then again drift 11.7 meters away to crash into the right side-walk. as shown in the diagram.",An accident occurred on Al Muroor Street,No,60,None,4
Abu Dhabi,Shaabiya Police Station,2013,February,01-02-13,Abu Dhabi,Internal road,1.0013E+11,1,First week,Traffic accident with injuries,Negligent driving,1,Al Sharqi Street (Muroor) (4),Al Sharqi Street (Muroor) (4),Commercial area,Highway,day,clear,Dry,Not on or around 20 meters,Perpendicular collision,Jordan,Y,Driver,Driver's seat,Minor,32,M,Male,32,31 to 45 years,Feb,Arab States,Friday,19:50,PM,31 to 45 years,1,Madinat Zayed (Abu Dhabi),Block 34-1,13,"After examining and inspecting the accident's site, the following was revealed:- the vehicle that caused the accident was travelling from the east to the west taking the second lane from the right. The afflicted vehicles were in the front, on the same lane. Because the former was speeding, his vehicle drifted to the right side and spin to collide from the front with the back right side of the first afflicted vehicle. The force of the impact lead the former to drift 9.3 meters away to collide again from front side with the back side of the second afflicted vehicle. Then again drift 11.7 meters away to crash into the right side-walk. as shown in the diagram.",An accident occurred on Al Muroor Street,Yes,60,None,4
Abu Dhabi,Al Madina Police Station,2013,February,01-02-13,Abu Dhabi,Internal road,1.0013E+11,1,First week,Traffic accident with injuries,Bypassing the red traffic light,1,IP56 IntersectionCorniche - Khalifa Bin Zayed,IP56 IntersectionCorniche - Khalifa Bin Zayed,Coastal area,Double road,night - enough lights,clear,Dry,Perpendicular Intersection,Side collision,Bangladesh,Y,Driver,Driver's seat,Minor,25,M,Male,25,18 to 30 years,Feb,Asian States,Friday,23:30,PM,18 to 30 years,1,Markaziya,Block 51-1,121,"the vehicle that caused the accident was travelling from the south to the north taking the far right lane. The afflicted vehicles were travelling from the east to the west. The first afflicted vehicle was taking the second lane from the left and the second afflicted vehicle was taking the third lane from the left. The former vehicle ran the red light and collided from the front side with the front side of the first afflicted vehicle, then went on an collided from the front side with the front side of the second afflicted vehicle. As shown in the diagram.  ","Al Markaziya Area, the intersection of Al Muroor with the Corniche (formerly Al Shallal)",Yes,60,None,4
Abu Dhabi,Khaldiya Police Station,2013,February,02-02-13,Abu Dhabi,Internal road,1.0013E+11,2,First week,Traffic accident with injuries,Not leaving enough space,1,Street Corniche(1),Street Corniche(1),Commercial area,Double road,day,rainy,wet,Not on or around 20 meters,Rear collision,Russia,Y,Driver,Driver's seat,Moderate,35,F,Female,35,31 to 45 years,Feb,Other,Saturday,2:33,PM,31 to 45 years,1,Al Khabira,Block 93-2,29,"After examining and inspecting the accident's site, the following was revealed:- 

the vehicles were travelling from the west to the east taking the far left lane. The afflicted vehicle was moving slowly in the traffic jam. The former didn’t leave a space between him and the the afflicted vehicle and collided from the front right side with the left back side of the afflicted vehicle even when he tried to avoid it. as a result, the driver of the former was injured and material damages were caused to the vehicles. Everything was settled as shown in the diagram.","Before Hilton Intersection, outward",Yes,60,None,4
Abu Dhabi,Shaabiya Police Station,2013,February,03-02-13,Abu Dhabi,Internal road,1.0013E+11,3,First week,Traffic accident with injuries,Not observing the stop sign,1,IP35A IntersectionFalah - Al Sharqi (Muroor),IP35A IntersectionFalah - Al Sharqi (Muroor),Commercial area,Intersection,night - enough lights,clear,Dry,Perpendicular Intersection,Perpendicular collision,UAE,Y,Driver,Driver's seat,Minor,19,M,Male,19,18 to 30 years,Feb,UAE,Sunday,20:30,PM,18 to 30 years,1,Madinat Zayed (Abu Dhabi),Block 14-1,152,"After examining and inspecting the accident's site, the following was revealed:- 
the vehicle that caused the accident was travelling from the west to the east. The afflicted vehicle was travelling from the south to the north. The former didn’t follow the “STOP” sign and collided from the right front side with left front side of the afflicted vehicle. As a result, the driver of the afflicted vehicle was injured and material damages were caused to the vehicles. as shown in the diagram. ",Street off Al Muroor Street near Al Falah Plaza,Yes,40,None,2
Abu Dhabi,Shaabiya Police Station,2013,February,03-02-13,Abu Dhabi,Internal road,1.0013E+11,3,First week,Traffic accident with injuries,Bypassing the red traffic light,1,IP36 IntersectionSalam - Falah,IP36 IntersectionSalam - Falah,Commercial area,Intersection,night - enough lights,clear,wet,Perpendicular Intersection,Perpendicular collision,Bangladesh,Y,Driver,Driver's seat,Minor,38,M,Male,38,31 to 45 years,Feb,Asian States,Sunday,1:24,PM,31 to 45 years,1,Madinat Zayed (Abu Dhabi),Block 54-1,150,"After examining and inspecting the accident's site, the following was revealed:- 

the vehicle that caused the accident was travelling from the west to the east in Al-Salam street taking the second lane from the right. The afflicted vehicle was travelling from the south to the north in Al-Falah street taking the far right lane. The second afflicted vehicle was travelling in the same direction as the first afflicted vehicle taking the second lane from the right. The former ran the red light and collided from the front with the left back side of the first afflicted vehicle and rolled-over landing on it’s left side. The second afflicted vehicle was surprised by the impact and collided from the front side with the right back side of the former leading it to drift and crash into the light pole. as a result, the driver of vehicle that caused the accident was injured and material damages were caused to the vehicles and the state’s properties. Everything was settled and the accident was diagrammed. ",Al Salam Street - Formerly Al Futtaim Intersection,Yes,60,None,4
Abu Dhabi,Al Madina Police Station,2013,February,03-02-13,Abu Dhabi,Internal road,1.0013E+11,3,First week,Traffic accident with injuries,Misuse of traffic,1,IP15 Khalifa Bin Zayed (Intersection????? ?????? ?????????),IP15 Khalifa Bin Zayed (Intersection????? ?????? ?????????),Commercial area,Intersection,day,????,Dry,Half Perpendicular Intersection,Person run over,India,N,Pedestrian,No passenger,Moderate,45,M,Male,45,31 to 45 years,Feb,Asian States,Sunday,9:10,AM,31 to 45 years,1,Markaziya,Block 11-1,113,"After examining and inspecting the accident's site, the following was revealed:-
the vehicle that caused the accident was travelling from the west to the east. The victim was on the south side of the crossroads. The former was surprised by the sudden appearance of the victim and because he didn't follow the pedestrian rules, he hit the victim with his car. The accident was diagrammed.",Omair bin Yusuf intersection,No,60,Stop,3
Abu Dhabi,Khaldiya Police Station,2013,February,03-02-13,Abu Dhabi,Internal road,1.0013E+11,3,First week,Traffic accident with injuries,Bypassing the red traffic light,1,Rashed Bin Saeed Al-Maktoum Street (2),Rashed Bin Saeed Al-Maktoum Street (2),Govt. authority,Intersection,day,clear,Dry,Perpendicular Intersection,Perpendicular collision,UAE,Y,Driver,Driver's seat,Minor,26,F,Female,26,18 to 30 years,Feb,UAE,Sunday,16:30,PM,18 to 30 years,1,Mushrif,Block 18-2,14,"After examining and inspecting the accident's site, the following was revealed:- 
the vehicle that caused the accident was travelling from west to north taking the second lane from the left. The afflicted vehicle was travelling from the west to the east taking the second lane from the left. The former ran the red light and collided from the right side with the front side of the afflicted vehicle. The powerful impact lead the former to drift and crash into the roundabout. As a result, the drivers were injured and material damages were caused to the vehicles. As shown in the diagram. ",Intersection of Pepsi Cola Factory,Yes,80,None,4
Abu Dhabi,Khaldiya Police Station,2013,February,03-02-13,Abu Dhabi,Internal road,1.0013E+11,3,First week,Traffic accident with injuries,Bypassing the red traffic light,1,Rashed Bin Saeed Al-Maktoum Street (2),Rashed Bin Saeed Al-Maktoum Street (2),Govt. authority,Intersection,day,clear,Dry,Perpendicular Intersection,Perpendicular collision,Bangladesh,Y,Driver,Driver's seat,Minor,43,M,Male,43,31 to 45 years,Feb,Asian States,Sunday,16:30,PM,31 to 45 years,1,Mushrif,Block 18-2,14,"After examining and inspecting the accident's site, the following was revealed:- 
the vehicle that caused the accident was travelling from west to north taking the second lane from the left. The afflicted vehicle was travelling from the west to the east taking the second lane from the left. The former ran the red light and collided from the right side with the front side of the afflicted vehicle. The powerful impact lead the former to drift and crash into the roundabout. As a result, the drivers were injured and material damages were caused to the vehicles. As shown in the diagram.",Intersection of Pepsi Cola Factory,Yes,80,None,4
Abu Dhabi,Khaldiya Police Station,2013,February,03-02-13,Abu Dhabi,Internal road,1.0013E+11,3,First week,Traffic accident with injuries,Bypassing the red traffic light,1,IP58B IntersectionArabian Gulf - Delma,IP58B IntersectionArabian Gulf - Delma,Residential area,Highway,night - enough lights,clear,Dry,Perpendicular Intersection,Perpendicular collision,Palestine,Y,Driver,Driver's seat,Minor,60,M,Male,60,46 to 60 years,Feb,Arab States,Sunday,18:30,PM,46 to 60 years,1,Rawdah,Block 56-2,172,"After examining and inspecting the accident's site, the following was revealed:-
the vehicle that caused the accident was travelling from the west to the east making a turn to the north taking the first lane from the left. The first afflicted vehicle was travelling from the east to the west taking the third lane from the left. The second afflicted vehicle was travelling from the east to the west taking the second lane from the left. The third afflicted vehicle was travelling from the east to the south taking the second lane from the left. The forth afflicted vehicle was travelling from the east to the west taking the third lane from the left. The former ran the red light and collided from the front side with the left back side of the first afflicted vehicle. The third afflicted vehicle collided with the right side of the former vehicle. The forth afflicted vehicle collided from the front side with right side of the second afflicted vehicle leading ot to drift and stop in the far right. As shown in the diagram.",The intersection of Arabian Gulf Street with Delma Street,Yes,60,None,4
Abu Dhabi,Al Madina Police Station,2013,February,04-02-13,Abu Dhabi,Internal road,1.0013E+11,4,First week,Traffic accident with injuries,Misuse of traffic,1,Street Salam (8),Street Salam (8),Commercial area,Car parking,day,clear,Dry,Not on Intersection,Person run over,Philippines,N,Pedestrian,No passenger,Minor,36,F,Female,36,31 to 45 years,Feb,Asian States,Monday,8:40,AM,31 to 45 years,1,Mina,Block 71-1,12,"After examining and inspecting the accident's site, the following was revealed:- the vehicle that caused the accident was travelling in the parking lot from the west to the east taking the right lane. The victim was walking from the south to the north. The former hit the victim with the right front side of his vehicle. as a result, the victim was moderately injured  and no metrical damages were caused to the vehicle. As shown in the diagram.","Al Salam Street, behind the gas station, in front of Al Sabaa Bihar supermarket",No,40,None,1
Abu Dhabi,Al Madina Police Station,2013,February,05-02-13,Abu Dhabi,Internal road,1.0013E+11,5,First week,Traffic accident with injuries,Bypassing the red traffic light,1,IP38B Street 10 (IntersectionJuma Al MAjid),IP38B Street 10 (IntersectionJuma Al MAjid),Commercial area,Intersection,day,clear,Dry,Perpendicular Intersection,Perpendicular collision,Yemen,Y,Driver,Driver's seat,Minor,31,F,Female,31,31 to 45 years,Feb,GCC,Tuesday,10:15,AM,31 to 45 years,1,Mina,Block 94-1,143,"After examining and inspecting the accident's site, the following was revealed:-

the vehicle that caused the accident was travelling from the west to the east taking the right lane. The afflicted vehicle was travelling from the south to the north taking the right lane. The former ran the red light and collided with the right front side of her vehicle with left front side of the afflicted vehicle. as a result, the drivers were moderately injured and and left the hospital after receiving medical treatments. Material damages were caused to vehicles. As shown in the diagram. ","Tourist Club Area, Street No. 10, Juma Al Majid Intersection",Yes,60,None,4
Abu Dhabi,Al Madina Police Station,2013,February,05-02-13,Abu Dhabi,Internal road,1.0013E+11,5,First week,Traffic accident with injuries,Bypassing the red traffic light,1,IP38B Street 10 (IntersectionJuma Al MAjid),IP38B Street 10 (IntersectionJuma Al MAjid),Commercial area,Intersection,day,clear,Dry,Perpendicular Intersection,Perpendicular collision,Yemen,Y,Passenger,Front passenger seat,Minor,48,F,Female,48,46 to 60 years,Feb,GCC,Tuesday,10:15,AM,46 to 60 years,1,Mina,Block 94-1,143,"After examining and inspecting the accident's site, the following was revealed:-

the vehicle that caused the accident was travelling from the west to the east taking the right lane. The afflicted vehicle was travelling from the south to the north taking the right lane. The former ran the red light and collided with the right front side of her vehicle with left front side of the afflicted vehicle. as a result, the drivers were moderately injured and and left the hospital after receiving medical treatments. Material damages were caused to vehicles. As shown in the diagram.","Tourist Club Area, Street No. 10, Juma Al Majid Intersection",Yes,60,None,4
Abu Dhabi,Al Madina Police Station,2013,February,05-02-13,Abu Dhabi,Internal road,1.0013E+11,5,First week,Traffic accident with injuries,Bypassing the red traffic light,1,IP38B Street 10 (IntersectionJuma Al MAjid),IP38B Street 10 (IntersectionJuma Al MAjid),Commercial area,Intersection,day,clear,Dry,Perpendicular Intersection,Perpendicular collision,Indonesia,Y,Driver,Driver's seat,Minor,44,F,Female,44,31 to 45 years,Feb,Asian States,Tuesday,10:15,AM,31 to 45 years,1,Mina,Block 94-1,143,"After examining and inspecting the accident's site, the following was revealed:-

the vehicle that caused the accident was travelling from the west to the east taking the right lane. The afflicted vehicle was travelling from the south to the north taking the right lane. The former ran the red light and collided with the right front side of her vehicle with left front side of the afflicted vehicle. as a result, the drivers were moderately injured and and left the hospital after receiving medical treatments. Material damages were caused to vehicles. As shown in the diagram.","Tourist Club Area, Street No. 10, Juma Al Majid Intersection",Yes,60,None,4
Abu Dhabi,Al Madina Police Station,2013,February,07-02-13,Abu Dhabi,Internal road,1.0013E+11,7,First week,Traffic accident with injuries,Bypassing the red traffic light,1,Street Corniche(1),Street Corniche(1),Govt. authority,Intersection,day,clear,Dry,Perpendicular Intersection,Perpendicular collision,Pakistan,Y,Driver,Driver's seat,Minor,31,M,Male,31,31 to 45 years,Feb,Asian States,Thursday,10:10,AM,31 to 45 years,1,Markaziya,Block 51-1,29,"After examining and inspecting the accident's site, the following was revealed:- 
the vehicle that caused the accident was travelling from east to the west taking the far left lane. The afflicted vehicle was travelling from the west to the east taking the the far right lane. The former reach the crossroads running the red light and collided from the front with the left front side of the afflicted vehicle. The powerful impact lead the afflicted vehicle to spin drifting to the far left lane. As a result, the driver of the afflicted vehicle was injured and material damages were caused to vehicles. As shown in the diagram.","Corniche Street with Airport Street, the intersection of the Chamber of Commerce and Industry (Abu Dhabi)",Yes,60,None,4