Emirate,Police Station,Year,Month,Date,City,Road,Report Number,Day,Week,Report type,Reasons,Computed,Streets,Street,Place,Location,lighting,Weather,Road surface,Intersection,Accident Type,Nationalities,Seat Belt,Injured person position,Injured person's seat,Degree of the injury,Age of the injured,Gender,Gender of the injured,Inp Age,Age Group,Date - Month,Nationality of the Injured person,Day,Iac Rep Time,Time,Age Group - Ministry,Computed2,Area,Block,Str Code,Accident Description,Location,Fasten seat belt,Road speed limit,Pedestrian action,Number of Lanes
Abu Dhabi,Al Madina Police Station,2013,February,07-02-13,Abu Dhabi,Internal road,1.0013E+11,7,First week,Traffic accident with injuries,Bypassing the red traffic light,1,IP11 IntersectionZayed Al Awal - Salam,IP11 IntersectionZayed Al Awal - Salam,Residential area,Intersection,day,clear,Dry,Perpendicular Intersection,Perpendicular collision,Egypt,N,Driver,Driver's seat,Minor,26,M,Male,26,18 to 30 years,Feb,Arab States,Thursday,15:15,PM,18 to 30 years,1,Markaziya,Block 53-1,98,"After examining and inspecting the accident's site, the following was revealed:-
the vehicle that caused the accident was travelling from the east to the west making a turn to the south while taking the first lane from the left. The afflicted vehicles were travelling from the west to the east. The first afflicted vehicle was taking the third lane from the left and the second afflicted vehicle was taking the second lane from the left. The former ran the red light and collided from the right front side with the front side of the first afflicted vehicle then the latter collided  from the front side with the right back side of the first afflicted vehicle. As shown in the diagram. ",Abu Dhabi Commercial Bank intersection,No,60,None,4
Abu Dhabi,Khaldiya Police Station,2013,February,09-02-13,Abu Dhabi,Internal road,1.0013E+11,9,Second week,Traffic accident with injuries,Bypassing the red traffic light,1,IP130 IntersectionArabian Gulf - Street 17,IP130 IntersectionArabian Gulf - Street 17,Commercial area,Intersection,day,????,Dry,Perpendicular Intersection,Perpendicular collision,Nepal,N,Driver,Driver's seat,Moderate,33,M,Male,33,31 to 45 years,Feb,Other,Saturday,8:00,AM,31 to 45 years,1,Mushrif,Block 78-2,179,the vehicle that caused the accident was travelling from the north to the south taking the third lane from the right. The afflicted vehicle was travelling from the west to the east taking the second lane from the left. The former ran the red light and collided from the front side with the left front side of the afflicted vehicles. as a result the driver of the afflicted vehicle was injured and material damages were caused to the vehicles. As shown in the diagram.,"Formerly Omani intersection, inward, Arabian Gulf Street",No,80,None,5
Abu Dhabi,Shaabiya Police Station,2013,February,09-02-13,Abu Dhabi,Internal road,1.0013E+11,9,Second week,Traffic accident with injuries,Speedy without taking road conditions into account,1,Rashed bin Saeed Al-Maktoum intersection - Street 29 IP76,Rashed bin Saeed Al-Maktoum intersection - Street 29 IP76,Commercial area,Intersection,day,clear,Dry,Perpendicular Intersection,Person run over,Bangladesh,N,Pedestrian,No passenger,Minor,22,M,Male,22,18 to 30 years,Feb,Asian States,Saturday,11:28,AM,18 to 30 years,1,Mushrif,Block 24-2,188,"After examining and inspecting the accident's site, the following was revealed:-
the vehicle that caused the accident was travelling from the east to the west taking the far right lane. The vehicle was speeding when it reached the edge of the road and drifted to the right side of the street to crashed into the side-wake and then went on and crashed from the front into the the pavement of the roundabout. Then again continued and crashed into the side-walk then the Safety Cones. After all of that he reached were the victims were standing and hit them with the front of his vehicle. As a result, the victims were injured and were admitted to the hospital. As shown in the diagram.",Pepsi cola intersection,No,60,Stop,4
Abu Dhabi,Shaabiya Police Station,2013,February,09-02-13,Abu Dhabi,Internal road,1.0013E+11,9,Second week,Traffic accident with injuries,Speedy without taking road conditions into account,1,Rashed bin Saeed Al-Maktoum intersection - Street 29 IP76,Rashed bin Saeed Al-Maktoum intersection - Street 29 IP76,Commercial area,Intersection,day,clear,Dry,Perpendicular Intersection,Person run over,India,N,Pedestrian,No passenger,Severe,37,M,Male,37,31 to 45 years,Feb,Asian States,Saturday,11:28,AM,31 to 45 years,1,Mushrif,Block 24-2,188,"After examining and inspecting the accident's site, the following was revealed:-
the vehicle that caused the accident was travelling from the east to the west taking the far right lane. The vehicle was speeding when it reached the edge of the road and drifted to the right side of the street to crashed into the side-wake and then went on and crashed from the front into the the pavement of the roundabout. Then again continued and crashed into the side-walk then the Safety Cones. After all of that he reached were the victims were standing and hit them with the front of his vehicle. As a result, the victims were injured and were admitted to the hospital. As shown in the diagram.",Pepsi cola intersection,No,60,Stop,4
Abu Dhabi,Khaldiya Police Station,2013,February,09-02-13,Abu Dhabi,Internal road,1.0013E+11,9,Second week,Traffic accident with injuries,Sudden deviation,1,Street Arabian Gulf(30),Street Arabian Gulf(30),Hospital,Double road,day,clear,Dry,Not on Intersection,Side collision,UAE,N,Passenger,Front passenger seat,Minor,30,M,Male,30,18 to 30 years,Feb,UAE,Saturday,15:45,PM,18 to 30 years,1,Khaldiya,Block 53-2,16,"After examining and inspecting the accident's site, the following was revealed:-
the vehicles were travelling from the west to the east. the vehicle that caused the accident was taking the middle lane and the afflicted vehicle was taking the far left lane. The former suddenly switched lanes without paying attention to the road, which lead him to collide from the left front side with the right back side of the afflicted vehicle. Leading the former to drift and crash from the left front side into the the pavement of the island while the latter drifted and crashed into the right side-walk landing on the grass. As shown in the diagram.","Arabian Gulf Street, outward, in front of Gulf Specialist Center",No,60,None,3
Abu Dhabi,Khaldiya Police Station,2013,February,09-02-13,Abu Dhabi,Internal road,1.0013E+11,9,Second week,Traffic accident with injuries,Sudden deviation,1,Street Arabian Gulf(30),Street Arabian Gulf(30),Hospital,Double road,day,clear,Dry,Not on Intersection,Side collision,UAE,Y,Driver,Driver's seat,Minor,33,M,Male,33,31 to 45 years,Feb,UAE,Saturday,15:45,PM,31 to 45 years,1,Khaldiya,Block 53-2,16,"After examining and inspecting the accident's site, the following was revealed:-
the vehicles were travelling from the west to the east. the vehicle that caused the accident was taking the middle lane and the afflicted vehicle was taking the far left lane. The former suddenly switched lanes without paying attention to the road, which lead him to collide from the left front side with the right back side of the afflicted vehicle. Leading the former to drift and crash from the left front side into the the pavement of the island while the latter drifted and crashed into the right side-walk landing on the grass. As shown in the diagram.","Arabian Gulf Street, outward, in front of Gulf Specialist Center",Yes,60,None,3
Abu Dhabi,Shaabiya Police Station,2013,February,10-02-13,Abu Dhabi,Internal road,1.0013E+11,10,Second week,Traffic accident with injuries,Misuse of traffic,1,IP35A IntersectionFalah - Al Sharqi (Muroor),IP35A IntersectionFalah - Al Sharqi (Muroor),Govt. authority,Double road,day,clear,Dry,Not on or around 20 meters,Person run over,India,N,Pedestrian,No passenger,Moderate,32,M,Male,32,31 to 45 years,Feb,Asian States,Sunday,21:49,PM,31 to 45 years,1,Madinat Zayed (Abu Dhabi),Block 14-1,152,"After examining and inspecting the accident's site, the following was revealed:- the vehicle that caused the accident was travelling from the south to the north. The victim was crossing from the middle of the road from the west to the east. The former violated the pedestrian rule and hit the victim with the front of the vehicle. As a result, the victim was injured and was admitted to the hospital. As shown in the diagram.","Al Falah Street, formerly Al-Sehha intersection",No,60,"Cross, there's no crosswalk",4
Abu Dhabi,Khaldiya Police Station,2013,February,11-02-13,Abu Dhabi,Internal road,1.0013E+11,11,Second week,Traffic accident with injuries,under influence of intoxicant or narcotic drug,1,Street Arabian Gulf(30),Street Arabian Gulf(30),Hospital,Double road,night - enough lights,clear,Dry,Not on or around 20 meters,Hitting a stationary object on the road,France,N,Passenger,Front passenger seat,Minor,18,M,Male,18,18 to 30 years,Feb,Other,Monday,2:00,PM,18 to 30 years,1,Mushrif,Block 40-2,16,"After examining and inspecting the accident's site, the following was revealed:-
the vehicle that caused the accident was travelling from the north to the south making a turn to the west. The driver was driving in an unstable state (diabetic). He crashed into the pavement and over the grass. Then he kept on driving till he reach the main road and crossed it, after that, crashed again from the front into the pavement of the island leading the vehicle to roll-over and land there. As shown in the diagram.",Near to Zayed Military Hospital,No,100,None,2
Abu Dhabi,Khaldiya Police Station,2013,February,11-02-13,Abu Dhabi,Internal road,1.0013E+11,11,Second week,Traffic accident with injuries,under influence of intoxicant or narcotic drug,1,Street Arabian Gulf(30),Street Arabian Gulf(30),Hospital,Double road,night - enough lights,clear,Dry,Not on or around 20 meters,Hitting a stationary object on the road,Philippines,N,Passenger,Back passenger seat,Minor,18,M,Male,18,18 to 30 years,Feb,Asian States,Monday,2:00,PM,18 to 30 years,1,Mushrif,Block 40-2,16,"After examining and inspecting the accident's site, the following was revealed:-
the vehicle that caused the accident was travelling from the north to the south making a turn to the west. The driver was driving in an unstable state (diabetic). He crashed into the pavement and over the grass. Then he kept on driving till he reach the main road and crossed it, after that, crashed again from the front into the pavement of the island leading the vehicle to roll-over and land there. As shown in the diagram.",Near to Zayed Military Hospital,No,100,None,2
Abu Dhabi,Khaldiya Police Station,2013,February,11-02-13,Abu Dhabi,Internal road,1.0013E+11,11,Second week,Traffic accident with injuries,under influence of intoxicant or narcotic drug,1,Street Arabian Gulf(30),Street Arabian Gulf(30),Hospital,Double road,night - enough lights,clear,Dry,Not on or around 20 meters,Hitting a stationary object on the road,France,N,Passenger,Back passenger seat,Minor,18,M,Male,18,18 to 30 years,Feb,Other,Monday,2:00,PM,18 to 30 years,1,Mushrif,Block 40-2,16,"After examining and inspecting the accident's site, the following was revealed:-
the vehicle that caused the accident was travelling from the north to the south making a turn to the west. The driver was driving in an unstable state (diabetic). He crashed into the pavement and over the grass. Then he kept on driving till he reach the main road and crossed it, after that, crashed again from the front into the pavement of the island leading the vehicle to roll-over and land there. As shown in the diagram.",Near to Zayed Military Hospital,No,100,None,2
Abu Dhabi,Khaldiya Police Station,2013,February,11-02-13,Abu Dhabi,Internal road,1.0013E+11,11,Second week,Traffic accident with injuries,under influence of intoxicant or narcotic drug,1,Street Arabian Gulf(30),Street Arabian Gulf(30),Hospital,Double road,night - enough lights,clear,Dry,Not on or around 20 meters,Hitting a stationary object on the road,Canada,N,Passenger,Back passenger seat,Minor,18,M,Male,18,18 to 30 years,Feb,Other,Monday,2:00,PM,18 to 30 years,1,Mushrif,Block 40-2,16,"After examining and inspecting the accident's site, the following was revealed:-
the vehicle that caused the accident was travelling from the north to the south making a turn to the west. The driver was driving in an unstable state (diabetic). He crashed into the pavement and over the grass. Then he kept on driving till he reach the main road and crossed it, after that, crashed again from the front into the pavement of the island leading the vehicle to roll-over and land there. As shown in the diagram.",Near to Zayed Military Hospital,No,100,None,2
Abu Dhabi,Shaabiya Police Station,2013,February,11-02-13,Abu Dhabi,Internal road,1.0013E+11,11,Second week,Traffic accident with injuries,Speedy without taking road conditions into account,1,Rashed Bin Saeed Al-Maktoum Street (2),Rashed Bin Saeed Al-Maktoum Street (2),Mosque,Highway,day,clear,Dry,Not on Intersection,deterioration,UAE,N,Passenger,Front passenger seat,Moderate,56,M,Male,56,46 to 60 years,Feb,UAE,Monday,11:07,AM,46 to 60 years,1,Jawiyya Bridge,Not Identified,14,"After examining and inspecting the accident's site, the following was revealed:- 
the vehicle that caused the accident was travelling from the east to the west taking the far right lane. The driver was exiting the street from the north side and was speeding and didn't keep to his lane, when he lost control of the vehicle (truck) and crashed from the left side of his vehicle into the light pole. The the vehicle rolled over. as a result, the driver and the passenger were injured and material damages were caused to the vehicle and state’s properties. As shown in the diagram.",Air defense zone,No,60,None,1
Abu Dhabi,Shaabiya Police Station,2013,February,11-02-13,Abu Dhabi,Internal road,1.0013E+11,11,Second week,Traffic accident with injuries,Speedy without taking road conditions into account,1,Rashed Bin Saeed Al-Maktoum Street (2),Rashed Bin Saeed Al-Maktoum Street (2),Mosque,Highway,day,clear,Dry,Not on Intersection,deterioration,UAE,Y,Driver,Driver's seat,Moderate,29,M,Male,29,18 to 30 years,Feb,UAE,Monday,11:07,AM,18 to 30 years,1,Jawiyya Bridge,Not Identified,14,"After examining and inspecting the accident's site, the following was revealed:- 
the vehicle that caused the accident was travelling from the east to the west taking the far right lane. The driver was exiting the street from the north side and was speeding and didn't keep to his lane, when he lost control of the vehicle (truck) and crashed from the left side of his vehicle into the light pole. The the vehicle rolled over. as a result, the driver and the passenger were injured and material damages were caused to the vehicle and state’s properties. As shown in the diagram.",Air defense zone,Yes,60,None,1
Abu Dhabi,Shaabiya Police Station,2013,February,11-02-13,Abu Dhabi,Internal road,1.0013E+11,11,Second week,Traffic accident with injuries,Speedy without taking road conditions into account,1,Rashed Bin Saeed Al-Maktoum Street (2),Rashed Bin Saeed Al-Maktoum Street (2),Mosque,Highway,day,clear,Dry,Not on Intersection,deterioration,UAE,N,Passenger,Back passenger seat,Minor,25,M,Male,25,18 to 30 years,Feb,UAE,Monday,11:07,AM,18 to 30 years,1,Jawiyya Bridge,Not Identified,14,"After examining and inspecting the accident's site, the following was revealed:- 
the vehicle that caused the accident was travelling from the east to the west taking the far right lane. The driver was exiting the street from the north side and was speeding and didn't keep to his lane, when he lost control of the vehicle (truck) and crashed from the left side of his vehicle into the light pole. The the vehicle rolled over. as a result, the driver and the passenger were injured and material damages were caused to the vehicle and state’s properties. As shown in the diagram.",Air defense zone,No,60,None,1
Abu Dhabi,Shaabiya Police Station,2013,February,11-02-13,Abu Dhabi,Internal road,1.0013E+11,11,Second week,Traffic accident with injuries,Speedy without taking road conditions into account,1,Rashed Bin Saeed Al-Maktoum Street (2),Rashed Bin Saeed Al-Maktoum Street (2),Mosque,Highway,day,clear,Dry,Not on Intersection,deterioration,UAE,N,Passenger,Back passenger seat,Minor,26,M,Male,26,18 to 30 years,Feb,UAE,Monday,11:07,AM,18 to 30 years,1,Jawiyya Bridge,Not Identified,14,"After examining and inspecting the accident's site, the following was revealed:- 
the vehicle that caused the accident was travelling from the east to the west taking the far right lane. The driver was exiting the street from the north side and was speeding and didn't keep to his lane, when he lost control of the vehicle (truck) and crashed from the left side of his vehicle into the light pole. The the vehicle rolled over. as a result, the driver and the passenger were injured and material damages were caused to the vehicle and state’s properties. As shown in the diagram.",Air defense zone,No,60,None,1
Abu Dhabi,Khaldiya Police Station,2013,February,12-02-13,Abu Dhabi,Internal road,1.0013E+11,12,Second week,Traffic accident with injuries,Not leaving enough space,1,IP135 IntersectionArabian Gulf - Al Saada,IP135 IntersectionArabian Gulf - Al Saada,Residential area,Double road,day,clear,Dry,Not on or around 20 meters,Rear collision,Jordan,Y,Driver,Driver's seat,Minor,34,M,Male,34,31 to 45 years,Feb,Arab States,Tuesday,9:00,AM,31 to 45 years,1,Mushrif,Block 79-2,134,"After examining and inspecting the accident's site, the following was revealed:-
the vehicles were travelling from the east to the west taking the left lane. the vehicle that caused the accident was in the back and the two afflicted vehicles were on the front. The former didn’t keep a distance between the vehicles and collided from the front side with the back side of the first afflicted vehicle. The powerful impact lead the latter to collide from the front side with the back side of the second afflicted vehicle. And they all stopped. The accident was diagrammed as shown. ",Before the intersection of Saeed bin Tahnoun,Yes,100,None,4
Abu Dhabi,Al Madina Police Station,2013,February,12-02-13,Abu Dhabi,Internal road,1.0013E+11,12,Second week,Traffic accident with injuries,Ignoring road lane,1,Street Mina(3),Street Mina(3),Commercial area,Intersection,day,clear,Dry,Perpendicular Intersection,Perpendicular collision,India,N,Passenger,Back passenger seat,Minor,34,M,Male,34,31 to 45 years,Feb,Asian States,Tuesday,12:20,PM,31 to 45 years,1,Mina,Block 91-1,30,"After examining and inspecting the accident's site, the following was revealed:-
the vehicles were travelling from the west to the east. the vehicle that caused the accident was taking the middle lane, while the afflicted was taking the second lane from the left. The former didn’t keep to his lane and collided form the left back side with the right front side of the afflicted vehicle, leading the vehicle of the former to roll-over. as a result, the driver and the passenger of the former vehicle were injured and material damages were caused to the vehicles. As shown in the diagram. ","Mina Street, next to Khalifa Bridge",No,60,None,3
Abu Dhabi,Al Madina Police Station,2013,February,12-02-13,Abu Dhabi,Internal road,1.0013E+11,12,Second week,Traffic accident with injuries,Ignoring road lane,1,Street Mina(3),Street Mina(3),Commercial area,Intersection,day,clear,Dry,Perpendicular Intersection,Perpendicular collision,India,Y,Driver,Driver's seat,Minor,47,M,Male,47,46 to 60 years,Feb,Asian States,Tuesday,12:20,PM,46 to 60 years,1,Mina,Block 91-1,30,"After examining and inspecting the accident's site, the following was revealed:-
the vehicles were travelling from the west to the east. the vehicle that caused the accident was taking the middle lane, while the afflicted was taking the second lane from the left. The former didn’t keep to his lane and collided form the left back side with the right front side of the afflicted vehicle, leading the vehicle of the former to roll-over. as a result, the driver and the passenger of the former vehicle were injured and material damages were caused to the vehicles. As shown in the diagram.","Mina Street, next to Khalifa Bridge",Yes,60,None,3
Abu Dhabi,Al Madina Police Station,2013,February,12-02-13,Abu Dhabi,Internal road,1.0013E+11,12,Second week,Traffic accident with injuries,Ignoring road lane,1,Street Mina(3),Street Mina(3),Commercial area,Intersection,day,clear,Dry,Perpendicular Intersection,Perpendicular collision,India,N,Passenger,Back passenger seat,Minor,50,M,Male,50,46 to 60 years,Feb,Asian States,Tuesday,12:20,PM,46 to 60 years,1,Mina,Block 91-1,30,"After examining and inspecting the accident's site, the following was revealed:-
the vehicles were travelling from the west to the east. the vehicle that caused the accident was taking the middle lane, while the afflicted was taking the second lane from the left. The former didn’t keep to his lane and collided form the left back side with the right front side of the afflicted vehicle, leading the vehicle of the former to roll-over. as a result, the driver and the passenger of the former vehicle were injured and material damages were caused to the vehicles. As shown in the diagram.","Mina Street, next to Khalifa Bridge",No,60,None,3
Abu Dhabi,Al Madina Police Station,2013,February,12-02-13,Abu Dhabi,Internal road,1.0013E+11,12,Second week,Traffic accident with injuries,Ignoring road lane,1,Street Mina(3),Street Mina(3),Commercial area,Intersection,day,clear,Dry,Perpendicular Intersection,Perpendicular collision,India,N,Passenger,Back passenger seat,Minor,43,M,Male,43,31 to 45 years,Feb,Asian States,Tuesday,12:20,PM,31 to 45 years,1,Mina,Block 91-1,30,"After examining and inspecting the accident's site, the following was revealed:-
the vehicles were travelling from the west to the east. the vehicle that caused the accident was taking the middle lane, while the afflicted was taking the second lane from the left. The former didn’t keep to his lane and collided form the left back side with the right front side of the afflicted vehicle, leading the vehicle of the former to roll-over. as a result, the driver and the passenger of the former vehicle were injured and material damages were caused to the vehicles. As shown in the diagram.","Mina Street, next to Khalifa Bridge",No,60,None,3
Abu Dhabi,Al Madina Police Station,2013,February,12-02-13,Abu Dhabi,Internal road,1.0013E+11,12,Second week,Traffic accident with injuries,Ignoring road lane,1,Street Mina(3),Street Mina(3),Commercial area,Intersection,day,clear,Dry,Perpendicular Intersection,Perpendicular collision,India,N,Passenger,Back passenger seat,Minor,31,M,Male,31,31 to 45 years,Feb,Asian States,Tuesday,12:20,PM,31 to 45 years,1,Mina,Block 91-1,30,"After examining and inspecting the accident's site, the following was revealed:-
the vehicles were travelling from the west to the east. the vehicle that caused the accident was taking the middle lane, while the afflicted was taking the second lane from the left. The former didn’t keep to his lane and collided form the left back side with the right front side of the afflicted vehicle, leading the vehicle of the former to roll-over. as a result, the driver and the passenger of the former vehicle were injured and material damages were caused to the vehicles. As shown in the diagram.","Mina Street, next to Khalifa Bridge",No,60,None,3
Abu Dhabi,Shaabiya Police Station,2013,February,14-02-13,Abu Dhabi,Internal road,1.0013E+11,14,Second week,Traffic accident with injuries,Misuse of traffic,1,Street Salam (8),Street Salam (8),Commercial area,Two-way road,day,clear,Dry,Half Perpendicular Intersection,Person run over,UAE,N,Pedestrian,No passenger,Minor,13,M,Male,13,8 to 17 years,Feb,UAE,Thursday,19:33,PM,Below 18 years,1,Madinat Zayed (Abu Dhabi),Block 54-1,12,"After examining and inspecting the accident's site, the following was revealed:-
the vehicle that caused the accident was travelling from the east to the west on a side road off Salem Khalaf street. The victim was crossing from the south to the north. The driver violated the pedestrian rule and committed a hit and run, hitting the victim with right front side of his vehicle. as a result, the victim was moderately injured and received medical treatment and left the hospital with a stable state. The accident was diagrammed as shown ",A side street from Al Salam Street behind Siddiq for gifts,No,40,None,1
Abu Dhabi,Al Madina Police Station,2013,February,14-02-13,Abu Dhabi,Internal road,1.0013E+11,14,Second week,Traffic accident with injuries,Not observing the stop sign,1,Street Hamdan Bin Mohamed(5),Street Hamdan Bin Mohamed(5),Commercial area,Intersection,night - enough lights,clear,Dry,Perpendicular Intersection,Perpendicular collision,Jordan,Y,Driver,Driver's seat,Moderate,67,M,Male,67,Above 60,Feb,Arab States,Thursday,5:55,PM,Above 60,1,Mina,Block 72-1,26,"After examining and inspecting the accident's site, the following was revealed:- 
the vehicle that caused the accident was travelling from the south to the north. The afflicted vehicle was travelling from the east to the west. The formed didn't follow the traffic sign (STOP)  and collided from the front side of his vehicle with left side of the afflicted vehicle. as a result, the driver of the afflicted vehicle was injured and was admitted to the hospital. As shown in the diagram.","In front of Landmark Plaza, Tourist Club",Yes,40,None,2
Abu Dhabi,Khaldiya Police Station,2013,February,14-02-13,Abu Dhabi,Internal road,1.0013E+11,14,Second week,Traffic accident with injuries,Ignoring road lane,1,IP42P IntersectionHazaa Bin Zayed - Karama,IP42P IntersectionHazaa Bin Zayed - Karama,Hospital,Double road,day,clear,Dry,Not on or around 20 meters,Perpendicular collision,Egypt,Y,Driver,Driver's seat,Minor,38,M,Male,38,31 to 45 years,Feb,Arab States,Thursday,6:56,AM,31 to 45 years,1,Rawdah,Block 35-2,164,"the vehicle that caused the accident was travelling from the south to the north taking the second lane from the right side. The first afflicted vehicle was travelling to the same direction taking the first lane from the right side. The former didn't keep to his lane and drifted to the right, leading the latter to drift to the right trying to avoid crashing, but he lost control of the vehicle and drift out of the lane and over the triangle of the road. Then the first afflicted vehicle drift again to the right to drive over the middle pavement reaching the other afflicted vehicles which were waiting in the traffic. The latter collided from the front side with the left side of the second afflicted vehicle, then collided again with the third afflicted vehicle and others vehicles. All the others vehicles stopped, however, the vehicle that caused the accident fled and didn’t stop. The accident was diagrammed as shown. 

as a result, the people were injured and material damages were caused to the vehicles and the state’s properties. ",Intersection of Sheikh Khalifa Hospital,Yes,60,None,4
Abu Dhabi,Khaldiya Police Station,2013,February,14-02-13,Abu Dhabi,Internal road,1.0013E+11,14,Second week,Traffic accident with injuries,Ignoring road lane,1,IP42P IntersectionHazaa Bin Zayed - Karama,IP42P IntersectionHazaa Bin Zayed - Karama,Hospital,Double road,day,clear,Dry,Not on or around 20 meters,Perpendicular collision,Lebanon,Y,Driver,Driver's seat,Severe,32,M,Male,32,31 to 45 years,Feb,Arab States,Thursday,6:56,AM,31 to 45 years,1,Rawdah,Block 35-2,164,"the vehicle that caused the accident was travelling from the south to the north taking the second lane from the right side. The first afflicted vehicle was travelling to the same direction taking the first lane from the right side. The former didn't keep to his lane and drifted to the right, leading the latter to drift to the right trying to avoid crashing, but he lost control of the vehicle and drift out of the lane and over the triangle of the road. Then the first afflicted vehicle drift again to the right to drive over the middle pavement reaching the other afflicted vehicles which were waiting in the traffic. The latter collided from the front side with the left side of the second afflicted vehicle, then collided again with the third afflicted vehicle and others vehicles. All the others vehicles stopped, however, the vehicle that caused the accident fled and didn’t stop. The accident was diagrammed as shown.

as a result, the people were injured and material damages were caused to the vehicles and the state’s properties.",Intersection of Sheikh Khalifa Hospital,Yes,60,None,4
Abu Dhabi,Shaabiya Police Station,2013,February,14-02-13,Abu Dhabi,Internal road,1.0013E+11,14,Second week,Traffic accident with injuries,Exceeding speed limit,1,Rashed Bin Saeed Al-Maktoum Street (2),Rashed Bin Saeed Al-Maktoum Street (2),Hospital,Double road,day,clear,Dry,Not on or around 20 meters,Person run over,India,N,Pedestrian,No passenger,Death,21,M,Male,21,18 to 30 years,Feb,Asian States,Thursday,14:45,PM,18 to 30 years,1,Madinat Zayed (Abu Dhabi),Block 14-1,14,"After examining and inspecting the accident's site, the following was revealed:- The vehicle that caused the accident was travelling from the east to the west taking the far left lane. The victim was trying to cross the road from south to north from the middle of the street then he reached the right side of the opposite road. The driver was going over the speed limit (80 km/h), violated the pedestrian rule and hit the victim with the front side of his vehicle leading the victim to crash into the wind-shield of the vehicle then fly back 34.4 meters landing on the third lane. The accident lead to the death of the victim. And material damages were caused to the vehicle. As shown in the digram. ","Before Wimpey Intersection, inward, opposite Al Noor Hospital",No,80,"Cross, there's no crosswalk",4
Abu Dhabi,Khaldiya Police Station,2013,February,15-02-13,Abu Dhabi,Internal road,1.0013E+11,15,Third week,Traffic accident with injuries,under influence of intoxicant or narcotic drug,1,Street Bainunah(34),Street Bainunah(34),Govt. authority,Double road,night - enough lights,clear,Dry,Not on or around 20 meters,Hitting a stationary object on the road,Syria,N,Passenger,Front passenger seat,Moderate,32,F,Female,32,31 to 45 years,Feb,Arab States,Friday,3:24,PM,31 to 45 years,1,Al Butain,Block 94-2,19,"After examining and inspecting the accident's site, the following was revealed:- 


The vehicle that caused the accident was travelling from the east to the west taking the middle lane. The driver was driving with unstable state and drifted to the left to crash into the light pole from the front side of the vehicle then stopped. As a result, the driver and the passenger were injured and admitted to hospital. Material damages were caused to the vehicle and the state’s properties. As shown in the digram.","Baynunah Street, near Abu Dhabi Islamic Bank",No,60,None,4
Abu Dhabi,Khaldiya Police Station,2013,February,15-02-13,Abu Dhabi,Internal road,1.0013E+11,15,Third week,Traffic accident with injuries,under influence of intoxicant or narcotic drug,1,Street Bainunah(34),Street Bainunah(34),Govt. authority,Double road,night - enough lights,clear,Dry,Not on or around 20 meters,Hitting a stationary object on the road,Syria,Y,Driver,Driver's seat,Moderate,31,M,Male,31,31 to 45 years,Feb,Arab States,Friday,3:24,PM,31 to 45 years,1,Al Butain,Block 94-2,19,"After examining and inspecting the accident's site, the following was revealed:- 


The vehicle that caused the accident was travelling from the east to the west taking the middle lane. The driver was driving with unstable state and drifted to the left to crash into the light pole from the front side of the vehicle then stopped. As a result, the driver and the passenger were injured and admitted to hospital. Material damages were caused to the vehicle and the state’s properties. As shown in the digram.","Baynunah Street, near Abu Dhabi Islamic Bank",Yes,60,None,4
Abu Dhabi,Khaldiya Police Station,2013,February,16-02-13,Abu Dhabi,Internal road,1.0013E+11,16,Third week,Traffic accident with injuries,Negligence and inobservance,1,Rashed Bin Saeed Al-Maktoum Street (2),Rashed Bin Saeed Al-Maktoum Street (2),Commercial area,Side parking,day,clear,Dry,Not on Intersection,Person run over,Djibouti,N,Passenger,Back passenger seat,Moderate,65,F,Female,65,Above 60,Feb,Other,Saturday,8:45,AM,Above 60,1,Karama,Block 16-2,14,"After examining and inspecting the accident's site, the following was revealed:- 
the vehicle that caused the accident was waiting in the pick up station. The victim was trying to get into the car from the back seat. And because the driver didn’t pay attention and started to drive while the passenger's leg was still outside the car and still didn’t get in, the passenger was injured in her leg. As shown in the diagram.",airport Street,No,60,Stop,4
Abu Dhabi,Shaabiya Police Station,2013,February,16-02-13,Abu Dhabi,Internal road,1.0013E+11,16,Third week,Traffic accident with injuries,Not leaving enough space,1,Street Salam (8),Street Salam (8),Govt. authority,Highway,day,clear,Dry,Not on Intersection,Rear collision,Bangladesh,N,Passenger,Back passenger seat,Minor,30,M,Male,30,18 to 30 years,Feb,Asian States,Saturday,17:30,PM,18 to 30 years,1,Hadbat Al Zafaran,Block 40-1,12,"After examining and inspecting the accident's site, the following was revealed:- 
the vehicles were travelling from the west to the east taking the second lane from the right. The vehicle that caused the accident didn’t keep a distance from the front vehicle and collided from the front side with the back side of the first afflicted vehicle. Leading the latter to collide from the front side with back side of the second afflicted vehicle and then leading the second to collide from the front side with back side of the third afflicted vehicle. as a result, the passenger of the former vehicle was injured and material damagers were caused to the vehicles. As shown in the diagram. ","Sharqi Ring Street, after the second tunnel, outward",No,100,None,4