Emirate,Police Station,Year,Month,Date,City,Road,Report Number,Day,Week,Report type,Reasons,Computed,Streets,Street,Place,Location,lighting,Weather,Road surface,Intersection,Accident Type,Nationalities,Seat Belt,Injured person position,Injured person's seat,Degree of the injury,Age of the injured,Gender,Gender of the injured,Inp Age,Age Group,Date - Month,Nationality of the Injured person,Day,Iac Rep Time,Time,Age Group - Ministry,Computed2,Area,Block,Str Code,Accident Description,Location,Fasten seat belt,Road speed limit,Pedestrian action,Number of Lanes
Abu Dhabi,Shaabiya Police Station,2013,February,16-02-13,Abu Dhabi,Internal road,1.0013E+11,16,Third week,Traffic accident with injuries,Not leaving enough space,1,Street Salam (8),Street Salam (8),Govt. authority,Highway,day,clear,Dry,Not on Intersection,Rear collision,India,N,Passenger,Back passenger seat,Minor,45,M,Male,45,31 to 45 years,Feb,Asian States,Saturday,17:30,PM,31 to 45 years,1,Hadbat Al Zafaran,Block 40-1,12,"After examining and inspecting the accident's site, the following was revealed:- 
the vehicles were travelling from the west to the east taking the second lane from the right. The vehicle that caused the accident didn’t keep a distance from the front vehicle and collided from the front side with the back side of the first afflicted vehicle. Leading the latter to collide from the front side with back side of the second afflicted vehicle and then leading the second to collide from the front side with back side of the third afflicted vehicle. as a result, the passenger of the former vehicle was injured and material damagers were caused to the vehicles. As shown in the diagram.","Sharqi Ring Street, after the second tunnel, outward",No,100,None,4
Abu Dhabi,Shaabiya Police Station,2013,February,16-02-13,Abu Dhabi,Internal road,1.0013E+11,16,Third week,Traffic accident with injuries,Not leaving enough space,1,Street Salam (8),Street Salam (8),Govt. authority,Highway,day,clear,Dry,Not on Intersection,Rear collision,Nepal,N,Passenger,Back passenger seat,Minor,43,M,Male,43,31 to 45 years,Feb,Other,Saturday,17:30,PM,31 to 45 years,1,Hadbat Al Zafaran,Block 40-1,12,"After examining and inspecting the accident's site, the following was revealed:- 
the vehicles were travelling from the west to the east taking the second lane from the right. The vehicle that caused the accident didn’t keep a distance from the front vehicle and collided from the front side with the back side of the first afflicted vehicle. Leading the latter to collide from the front side with back side of the second afflicted vehicle and then leading the second to collide from the front side with back side of the third afflicted vehicle. as a result, the passenger of the former vehicle was injured and material damagers were caused to the vehicles. As shown in the diagram.","Sharqi Ring Street, after the second tunnel, outward",No,100,None,4
Abu Dhabi,Shaabiya Police Station,2013,February,16-02-13,Abu Dhabi,Internal road,1.0013E+11,16,Third week,Traffic accident with injuries,Not leaving enough space,1,Street Salam (8),Street Salam (8),Govt. authority,Highway,day,clear,Dry,Not on Intersection,Rear collision,Bangladesh,N,Passenger,Back passenger seat,Moderate,33,M,Male,33,31 to 45 years,Feb,Asian States,Saturday,17:30,PM,31 to 45 years,1,Hadbat Al Zafaran,Block 40-1,12,"After examining and inspecting the accident's site, the following was revealed:- 
the vehicles were travelling from the west to the east taking the second lane from the right. The vehicle that caused the accident didn’t keep a distance from the front vehicle and collided from the front side with the back side of the first afflicted vehicle. Leading the latter to collide from the front side with back side of the second afflicted vehicle and then leading the second to collide from the front side with back side of the third afflicted vehicle. as a result, the passenger of the former vehicle was injured and material damagers were caused to the vehicles. As shown in the diagram.","Sharqi Ring Street, after the second tunnel, outward",No,100,None,4
Abu Dhabi,Shaabiya Police Station,2013,February,16-02-13,Abu Dhabi,Internal road,1.0013E+11,16,Third week,Traffic accident with injuries,Not leaving enough space,1,Street Salam (8),Street Salam (8),Govt. authority,Highway,day,clear,Dry,Not on Intersection,Rear collision,Bangladesh,N,Passenger,Back passenger seat,Minor,34,M,Male,34,31 to 45 years,Feb,Asian States,Saturday,17:30,PM,31 to 45 years,1,Hadbat Al Zafaran,Block 40-1,12,"After examining and inspecting the accident's site, the following was revealed:- 
the vehicles were travelling from the west to the east taking the second lane from the right. The vehicle that caused the accident didn’t keep a distance from the front vehicle and collided from the front side with the back side of the first afflicted vehicle. Leading the latter to collide from the front side with back side of the second afflicted vehicle and then leading the second to collide from the front side with back side of the third afflicted vehicle. as a result, the passenger of the former vehicle was injured and material damagers were caused to the vehicles. As shown in the diagram.","Sharqi Ring Street, after the second tunnel, outward",No,100,None,4
Abu Dhabi,Shaabiya Police Station,2013,February,16-02-13,Abu Dhabi,Internal road,1.0013E+11,16,Third week,Traffic accident with injuries,Not leaving enough space,1,Street Salam (8),Street Salam (8),Govt. authority,Highway,day,clear,Dry,Not on Intersection,Rear collision,Bangladesh,N,Passenger,Back passenger seat,Minor,37,M,Male,37,31 to 45 years,Feb,Asian States,Saturday,17:30,PM,31 to 45 years,1,Hadbat Al Zafaran,Block 40-1,12,"After examining and inspecting the accident's site, the following was revealed:- 
the vehicles were travelling from the west to the east taking the second lane from the right. The vehicle that caused the accident didn’t keep a distance from the front vehicle and collided from the front side with the back side of the first afflicted vehicle. Leading the latter to collide from the front side with back side of the second afflicted vehicle and then leading the second to collide from the front side with back side of the third afflicted vehicle. as a result, the passenger of the former vehicle was injured and material damagers were caused to the vehicles. As shown in the diagram.","Sharqi Ring Street, after the second tunnel, outward",No,100,None,4
Abu Dhabi,Shaabiya Police Station,2013,February,16-02-13,Abu Dhabi,Internal road,1.0013E+11,16,Third week,Traffic accident with injuries,Not leaving enough space,1,Street Salam (8),Street Salam (8),Govt. authority,Highway,day,clear,Dry,Not on Intersection,Rear collision,Bangladesh,N,Passenger,Back passenger seat,Minor,28,M,Male,28,18 to 30 years,Feb,Asian States,Saturday,17:30,PM,18 to 30 years,1,Hadbat Al Zafaran,Block 40-1,12,"After examining and inspecting the accident's site, the following was revealed:- 
the vehicles were travelling from the west to the east taking the second lane from the right. The vehicle that caused the accident didn’t keep a distance from the front vehicle and collided from the front side with the back side of the first afflicted vehicle. Leading the latter to collide from the front side with back side of the second afflicted vehicle and then leading the second to collide from the front side with back side of the third afflicted vehicle. as a result, the passenger of the former vehicle was injured and material damagers were caused to the vehicles. As shown in the diagram.","Sharqi Ring Street, after the second tunnel, outward",No,100,None,4
Abu Dhabi,Shaabiya Police Station,2013,February,16-02-13,Abu Dhabi,Internal road,1.0013E+11,16,Third week,Traffic accident with injuries,Not leaving enough space,1,Street Salam (8),Street Salam (8),Govt. authority,Highway,day,clear,Dry,Not on Intersection,Rear collision,India,N,Passenger,Back passenger seat,Minor,31,M,Male,31,31 to 45 years,Feb,Asian States,Saturday,17:30,PM,31 to 45 years,1,Hadbat Al Zafaran,Block 40-1,12,"After examining and inspecting the accident's site, the following was revealed:- 
the vehicles were travelling from the west to the east taking the second lane from the right. The vehicle that caused the accident didn’t keep a distance from the front vehicle and collided from the front side with the back side of the first afflicted vehicle. Leading the latter to collide from the front side with back side of the second afflicted vehicle and then leading the second to collide from the front side with back side of the third afflicted vehicle. as a result, the passenger of the former vehicle was injured and material damagers were caused to the vehicles. As shown in the diagram.","Sharqi Ring Street, after the second tunnel, outward",No,100,None,4
Abu Dhabi,Shaabiya Police Station,2013,February,16-02-13,Abu Dhabi,Internal road,1.0013E+11,16,Third week,Traffic accident with injuries,Not leaving enough space,1,Street Salam (8),Street Salam (8),Govt. authority,Highway,day,clear,Dry,Not on Intersection,Rear collision,Bangladesh,N,Passenger,Back passenger seat,Minor,31,M,Male,31,31 to 45 years,Feb,Asian States,Saturday,17:30,PM,31 to 45 years,1,Hadbat Al Zafaran,Block 40-1,12,"After examining and inspecting the accident's site, the following was revealed:- 
the vehicles were travelling from the west to the east taking the second lane from the right. The vehicle that caused the accident didn’t keep a distance from the front vehicle and collided from the front side with the back side of the first afflicted vehicle. Leading the latter to collide from the front side with back side of the second afflicted vehicle and then leading the second to collide from the front side with back side of the third afflicted vehicle. as a result, the passenger of the former vehicle was injured and material damagers were caused to the vehicles. As shown in the diagram.","Sharqi Ring Street, after the second tunnel, outward",No,100,None,4
Abu Dhabi,Shaabiya Police Station,2013,February,16-02-13,Abu Dhabi,Internal road,1.0013E+11,16,Third week,Traffic accident with injuries,Not leaving enough space,1,Street Salam (8),Street Salam (8),Govt. authority,Highway,day,clear,Dry,Not on Intersection,Rear collision,Bangladesh,N,Passenger,Back passenger seat,Minor,31,M,Male,31,31 to 45 years,Feb,Asian States,Saturday,17:30,PM,31 to 45 years,1,Hadbat Al Zafaran,Block 40-1,12,"After examining and inspecting the accident's site, the following was revealed:- 
the vehicles were travelling from the west to the east taking the second lane from the right. The vehicle that caused the accident didn’t keep a distance from the front vehicle and collided from the front side with the back side of the first afflicted vehicle. Leading the latter to collide from the front side with back side of the second afflicted vehicle and then leading the second to collide from the front side with back side of the third afflicted vehicle. as a result, the passenger of the former vehicle was injured and material damagers were caused to the vehicles. As shown in the diagram.","Sharqi Ring Street, after the second tunnel, outward",No,100,None,4
Abu Dhabi,Shaabiya Police Station,2013,February,16-02-13,Abu Dhabi,Internal road,1.0013E+11,16,Third week,Traffic accident with injuries,Not leaving enough space,1,Street Salam (8),Street Salam (8),Govt. authority,Highway,day,clear,Dry,Not on Intersection,Rear collision,Bangladesh,N,Passenger,Back passenger seat,Minor,31,M,Male,31,31 to 45 years,Feb,Asian States,Saturday,17:30,PM,31 to 45 years,1,Hadbat Al Zafaran,Block 40-1,12,"After examining and inspecting the accident's site, the following was revealed:- 
the vehicles were travelling from the west to the east taking the second lane from the right. The vehicle that caused the accident didn’t keep a distance from the front vehicle and collided from the front side with the back side of the first afflicted vehicle. Leading the latter to collide from the front side with back side of the second afflicted vehicle and then leading the second to collide from the front side with back side of the third afflicted vehicle. as a result, the passenger of the former vehicle was injured and material damagers were caused to the vehicles. As shown in the diagram.","Sharqi Ring Street, after the second tunnel, outward",No,100,None,4
Abu Dhabi,Khaldiya Police Station,2013,February,17-02-13,Abu Dhabi,Internal road,1.0013E+11,17,Third week,Traffic accident with injuries,Negligence and inobservance,1,Hazaa Bin Zayed Al Awal Street (11),Hazaa Bin Zayed Al Awal Street (11),Residential area,Double road,day,clear,wet,Not on Intersection,Rear collision,Egypt,Y,Driver,Driver's seat,Moderate,41,F,Female,41,31 to 45 years,Feb,Arab States,Sunday,9:10,AM,31 to 45 years,1,Karama,Block 16-2,23,"After examining and inspecting the accident's site, the following was revealed:-
the vehicle that caused the accident was travelling from the south to the north taking the third lane from the left. The afflicted vehicle was travelling to the same direction and was waiting in the traffic. The former wasn’t paying attention and collided from the front side with the backside of the afflicted vehicle leading it to collide from the front side with the backside of the second afflicted vehicle. The the former drifted to the forth lane and the the first afflicted vehicle drifted to the second lane then the second afflicted vehicle drifted to forth lane in front of the former. as a result, people were injured and material damages were caused to the vehicles. As shown in the diagram.  ",Opposite Preventive medicine,Yes,60,None,2
Abu Dhabi,Shaabiya Police Station,2013,February,18-02-13,Abu Dhabi,Internal road,1.0013E+11,18,Third week,Traffic accident with injuries,Bypassing the red traffic light,1,IP11 IntersectionZayed Al Awal - Salam,IP11 IntersectionZayed Al Awal - Salam,Commercial area,Intersection,day,clear,Dry,Perpendicular Intersection,Perpendicular collision,UAE,Y,Driver,Driver's seat,Moderate,49,M,Male,49,46 to 60 years,Feb,UAE,Monday,10:10,AM,46 to 60 years,1,Markaziya,Block 53-1,98,"After examining and inspecting the accident's site, the following was revealed:- 

the vehicle that caused the accident was travelling from the west to the west taking the far left lane. The first afflicted vehicle was travelling from the east to the west taking the second lane from the left. The second afflicted vehicle was going to same direction as the first while taking the far left lane. The former ran the red light and took a left turn to the north and met the two afflicted vehicles in the middle to collide from the front and the right back side with front of the two afflicted vehicles. as a result, the driver of the former vehicle was injured and was admitted to Sheikh Khalefa’s Hospital. Material damages were caused to the vehicles. The accident was diagrammed. ","The intersection of Salam Street with Zayed Al Awal, inward",Yes,60,None,3
Abu Dhabi,Khaldiya Police Station,2013,February,20-02-13,Abu Dhabi,Internal road,1.0013E+11,20,Third week,Traffic accident with injuries,Not observing the stop sign,1,Rashed Bin Saeed Al-Maktoum Street (2),Rashed Bin Saeed Al-Maktoum Street (2),Govt. authority,Intersection,day,clear,Dry,Perpendicular Intersection,Perpendicular collision,Jordan,Y,Driver,Driver's seat,Moderate,57,M,Male,57,46 to 60 years,Feb,Arab States,Wednesday,9:46,AM,46 to 60 years,1,Mushrif,Block 20-2,14,"After examining and inspecting the accident's site, the following was revealed:- the vehicle that caused the accident was travelling from the east to the west. The afflicted vehicle was travelling from the south to the north taking the left lane in a sub-road off Al-Sheikh Rashed Bin Saeid road, behind the Local Immigrations. The former didn't follow the traffic sign (STOP) and collided from the left front side with the right front side of the afflicted vehicle. The power of the impact made the vehicles drift and crash into the middle pavement. Then the afflicted vehicle crashed into the pole of the traffic sign and stopped on the apposite street. While the former crashed into the traffic light pole and settled in the middle of the island. as a result, the drivers were injured and material damages were caused to the vehicles and the state’s properties. The accident was diagrammed. ","Sheikh Rashid bin Saeed Street, behind the local passports, Al Mushrif area",Yes,40,None,3
Abu Dhabi,Khaldiya Police Station,2013,February,20-02-13,Abu Dhabi,Internal road,1.0013E+11,20,Third week,Traffic accident with injuries,Not observing the stop sign,1,Rashed Bin Saeed Al-Maktoum Street (2),Rashed Bin Saeed Al-Maktoum Street (2),Govt. authority,Intersection,day,clear,Dry,Perpendicular Intersection,Perpendicular collision,Pakistan,Y,Driver,Driver's seat,Minor,60,M,Male,60,46 to 60 years,Feb,Asian States,Wednesday,9:46,AM,46 to 60 years,1,Mushrif,Block 20-2,14,"After examining and inspecting the accident's site, the following was revealed:- the vehicle that caused the accident was travelling from the east to the west. The afflicted vehicle was travelling from the south to the north taking the left lane in a sub-road off Al-Sheikh Rashed Bin Saeid road, behind the Local Immigrations. The former didn't follow the traffic sign (STOP) and collided from the left front side with the right front side of the afflicted vehicle. The power of the impact made the vehicles drift and crash into the middle pavement. Then the afflicted vehicle crashed into the pole of the traffic sign and stopped on the apposite street. While the former crashed into the traffic light pole and settled in the middle of the island. as a result, the drivers were injured and material damages were caused to the vehicles and the state’s properties. The accident was diagrammed.","Sheikh Rashid bin Saeed Street, behind the local passports, Al Mushrif area",Yes,40,None,3
Abu Dhabi,Khaldiya Police Station,2013,February,20-02-13,Abu Dhabi,Internal road,1.0013E+11,20,Third week,Traffic accident with injuries,Not observing the stop sign,1,Rashed Bin Saeed Al-Maktoum Street (2),Rashed Bin Saeed Al-Maktoum Street (2),Govt. authority,Intersection,day,clear,Dry,Perpendicular Intersection,Perpendicular collision,Lebanon,Y,Passenger,Front passenger seat,Minor,35,M,Male,35,31 to 45 years,Feb,Arab States,Wednesday,9:46,AM,31 to 45 years,1,Mushrif,Block 20-2,14,"After examining and inspecting the accident's site, the following was revealed:- the vehicle that caused the accident was travelling from the east to the west. The afflicted vehicle was travelling from the south to the north taking the left lane in a sub-road off Al-Sheikh Rashed Bin Saeid road, behind the Local Immigrations. The former didn't follow the traffic sign (STOP) and collided from the left front side with the right front side of the afflicted vehicle. The power of the impact made the vehicles drift and crash into the middle pavement. Then the afflicted vehicle crashed into the pole of the traffic sign and stopped on the apposite street. While the former crashed into the traffic light pole and settled in the middle of the island. as a result, the drivers were injured and material damages were caused to the vehicles and the state’s properties. The accident was diagrammed.","Sheikh Rashid bin Saeed Street, behind the local passports, Al Mushrif area",Yes,40,None,3
Abu Dhabi,Shaabiya Police Station,2013,February,20-02-13,Abu Dhabi,Internal road,1.0013E+11,20,Third week,Traffic accident with injuries,Misuse of traffic,1,Al Sharqi Street (Muroor) (4),Al Sharqi Street (Muroor) (4),Commercial area,Car parking,night - enough lights,clear,Dry,Not on Intersection,Person run over,Pakistan,N,Pedestrian,No passenger,Moderate,43,M,Male,43,31 to 45 years,Feb,Asian States,Wednesday,20:15,PM,31 to 45 years,1,Al Wahda,Block 16-1,13,"After examining and inspecting the accident's site, the following was revealed:-
the vehicle that caused the accident was travelling from the east to the west beside the cab station. The victim was crossing the road from north to the south. the former violated the pedestrian rules and hit the victim with the right front side of the vehicle knocking him down. as a result, the victim was moderately injured and no material damages were caused to the vehicle. As shown in the digram. ","Al Muroor Street, Bus Station",No,40,"Cross, there's no crosswalk",1
Abu Dhabi,Shaabiya Police Station,2013,February,21-02-13,Abu Dhabi,Internal road,1.0013E+11,21,Third week,Traffic accident with injuries,Not leaving enough space,1,IP10A IntersectionZayed Al Awal - Al Sharqi (Muroor),IP10A IntersectionZayed Al Awal - Al Sharqi (Muroor),Hospital,Intersection,night - enough lights,clear,Dry,Perpendicular Intersection,Rear collision,Palestine,Y,Driver,Driver's seat,Minor,32,F,Female,32,31 to 45 years,Feb,Arab States,Thursday,20:10,PM,31 to 45 years,1,Markaziya,Block 13-1,96,"After examining and inspecting the accident's site, the following was revealed:- 

The vehicles were travelling from the east to the west taking the middle lane. The second afflicted vehicle reached the edge of the crossroads but the traffic light suddenly turned yellow then the driver hit the break suddenly, the same goes to the first afflicted vehicle. However, the vehicle that caused the accident didn’t keep his distance from the other vehicle leading him to collide from the front side with the back side of the first afflicted vehicle. Leading the latter to collide from the front side with the back side of the second afflicted vehicle. as a result, the driver and the passenger of vehicle that caused the accident were injured and was admitted to Sheikh Khalefa’s hospital. Material damages were caused to the vehicles. Everything was settled as shown in the diagram.","At LLH Hospital (Lifeline), inward",Yes,60,None,4
Abu Dhabi,Shaabiya Police Station,2013,February,21-02-13,Abu Dhabi,Internal road,1.0013E+11,21,Third week,Traffic accident with injuries,Not leaving enough space,1,IP10A IntersectionZayed Al Awal - Al Sharqi (Muroor),IP10A IntersectionZayed Al Awal - Al Sharqi (Muroor),Hospital,Intersection,night - enough lights,clear,Dry,Perpendicular Intersection,Rear collision,Palestine,N,Passenger,Front passenger seat,Minor,18,M,Male,18,18 to 30 years,Feb,Arab States,Thursday,20:10,PM,18 to 30 years,1,Markaziya,Block 13-1,96,"After examining and inspecting the accident's site, the following was revealed:- 

The vehicles were travelling from the east to the west taking the middle lane. The second afflicted vehicle reached the edge of the crossroads but the traffic light suddenly turned yellow then the driver hit the break suddenly, the same goes to the first afflicted vehicle. However, the vehicle that caused the accident didn’t keep his distance from the other vehicle leading him to collide from the front side with the back side of the first afflicted vehicle. Leading the latter to collide from the front side with the back side of the second afflicted vehicle. as a result, the driver and the passenger of vehicle that caused the accident were injured and was admitted to the hospital. Material damages were caused to the vehicles. Everything was settled as shown in the diagram.","At LLH Hospital (Lifeline), inward",No,60,None,4
Abu Dhabi,Khaldiya Police Station,2013,February,22-02-13,Abu Dhabi,Internal road,1.0013E+11,22,Fourth week,Traffic accident with injuries,Speedy without taking road conditions into account,1,IP43IntersectionRashed Bin Saeed Al Maktoum-Hazaa Bin Zayed Al Awal,IP43IntersectionRashed Bin Saeed Al Maktoum-Hazaa Bin Zayed Al Awal,Commercial area,Intersection,day,clear,Dry,Perpendicular Intersection,Person run over,Pakistan,N,Pedestrian,No passenger,Severe,27,M,Male,27,18 to 30 years,Feb,Asian States,Friday,9:07,AM,18 to 30 years,1,Dhafra (Abu Dhabi),Block 15-2,163,"After examining and inspecting the accident's site, the following was revealed:- the vehicle that caused the accident was travelling from the south to the north taking the third lane from the right. the victim was crossing the road from the east to the west during the red light for the pedestrians. The driver was speeding and violated the pedestrian rules then hit the victim with front side of his vehicle, knocking him to the ground. as a result, the victim was injured. The accident was diagrammed. ","Al Dhafra Region, Hazza Bin Zayed Street, Al Wahda Mall intersection",No,60,Cross on the crosswalk of the intersection,4
Abu Dhabi,Shaabiya Police Station,2013,February,23-02-13,Abu Dhabi,Internal road,1.0013E+11,23,Fourth week,Traffic accident with injuries,Not leaving enough space,1,IP43A IntersectionHazaa Bin Zayed Al Awal - Al Sharqi (Muroor),IP43A IntersectionHazaa Bin Zayed Al Awal - Al Sharqi (Muroor),Commercial area,Double road,day,clear,Dry,Not on or around 20 meters,Rear collision,India,N,Driver,Driver's seat,Severe,40,M,Male,40,31 to 45 years,Feb,Asian States,Saturday,10:25,AM,31 to 45 years,1,Dhafra (Abu Dhabi),Block 15-1,162,"After examining and inspecting the accident's site, the following was revealed:-
the vehicles were travelling from the north to the south taking the far right lane at the edge of the crossroads. the vehicle that caused the accident didn’t keep his distance and collided from the front with the back side of the afflicted vehicle. As shown in the diagram.","Hazaa Bin Zayed Street, near Al Barhuz Intersection",No,60,None,3
Abu Dhabi,Khaldiya Police Station,2013,February,24-02-13,Abu Dhabi,Internal road,1.0013E+11,24,Fourth week,Traffic accident with injuries,Exceeding speed limit,1,Street Arabian Gulf(30),Street Arabian Gulf(30),Govt. authority,Highway,night - enough lights,clear,Dry,Not on or around 20 meters,Hitting a stationary object on the road,UAE,N,Driver,Driver's seat,Minor,22,M,Male,22,18 to 30 years,Feb,UAE,Sunday,19:30,PM,18 to 30 years,1,Sports City,Block 27-2,16,"After examining and inspecting the accident's site, the following was revealed:- the vehicle that caused the accident was travelling from the west to the east taking the second lane from the left side. And because the former was speeding, it drifted out of it’s lane to crash into the pavement then roll-over 89 meters to land on the island in the second lane from the left. as a result, the driver was injured and material damages were caused to the vehicle. As shown in the diagram. ","Arabian Gulf Street, opposite Zayed Sports City",No,100,None,4
Abu Dhabi,Shaabiya Police Station,2013,February,24-02-13,Abu Dhabi,Internal road,1.0013E+11,24,Fourth week,Traffic accident with injuries,Speedy without taking road conditions into account,1,IP11 IntersectionZayed Al Awal - Salam,IP11 IntersectionZayed Al Awal - Salam,Commercial area,Double road,day,clear,Dry,Perpendicular Intersection,Person run over,Belgium,N,Pedestrian,No passenger,Moderate,30,M,Male,30,18 to 30 years,Feb,Other,Sunday,9:10,AM,18 to 30 years,1,Markaziya,Block 53-1,98,"the vehicle that caused the accident was travelling from the west to the east taking the far left lane. The victim was crossing the street from the cross-walk, from the north to the south. The former violated the pedestrians rule and committed a hit and run with his vehicle (motorcycle).as a result, the victim was moderately injured as shown in the diagram.",The intersection of Abu Dhabi Commercial Bank,No,60,Cross on the crosswalk of the intersection,4
Abu Dhabi,Shaabiya Police Station,2013,February,26-02-13,Abu Dhabi,Internal road,1.0013E+11,26,Fourth week,Traffic accident with injuries,Bypassing the red traffic light,1,IP38 IntersectionZayed Al Awal - Street 10,IP38 IntersectionZayed Al Awal - Street 10,Commercial area,Intersection,day,clear,Dry,Perpendicular Intersection,Perpendicular collision,UAE,N,Passenger,Back passenger seat,Minor,29,F,Female,29,18 to 30 years,Feb,UAE,Tuesday,15:30,PM,18 to 30 years,1,Mina,Block 73-1,99,"After examining and inspecting the accident's site, the following was revealed:- 
After examining and inspecting the accident's site, the following was revealed:-
the vehicle that caused the accident was travelling from the east to the west taking the third lane from the right. The afflicted vehicle was travelling from the north to the south taking the second lane from the left. The former vehicle ran the red light and collided from the left side with the front side of the afflicted vehicle. as a result, the passenger of the afflicted vehicle was injured and material damages were caused to the vehicle. As shown in the diagram.",The intersection of the Dana Hotel,No,60,None,5
Abu Dhabi,Khaldiya Police Station,2013,February,27-02-13,Abu Dhabi,Internal road,1.0013E+11,27,Fourth week,Traffic accident with injuries,Not leaving enough space,1,IP20 IntersectionHamdan Bin Mohamed - Rashed Bin Saeed Al-Maktoum,IP20 IntersectionHamdan Bin Mohamed - Rashed Bin Saeed Al-Maktoum,Commercial area,Highway,day,clear,Dry,Perpendicular Intersection,Rear collision,India,N,Driver,Driver's seat,Moderate,28,M,Male,28,18 to 30 years,Feb,Asian States,Wednesday,12:25,PM,18 to 30 years,1,Markaziya (Gharb),Block 12-2,107,"After examining and inspecting the accident's site, the following was revealed:-
The vehicles were travelling from the north to the south taking the third lane from the right. In the crossroads, The vehicle that caused the accident (motorcycle) didn’t keep his distance from the afflicted vehicle and collided from the front side with the back side of the afflicted vehicle. as a result, the driver of the former was injured and material damages were caused to the vehicles. As shown in the diagram.",The intersection of Airport Street with Hamdan Street,No,60,None,4
Abu Dhabi,Shaabiya Police Station,2013,February,27-02-13,Abu Dhabi,Internal road,1.0013E+11,27,Fourth week,Traffic accident with injuries,Bypassing the red traffic light,1,Rashid Bin Saeed Al Maktoum intersection - Street IP28A 27,Rashid Bin Saeed Al Maktoum intersection - Street IP28A 27,Govt. authority,Intersection,day,clear,Dry,Perpendicular Intersection,Perpendicular collision,UAE,Y,Driver,Driver's seat,Minor,33,F,Female,33,31 to 45 years,Feb,UAE,Wednesday,8:10,AM,31 to 45 years,1,Mushrif,Block 23-2,187,"After examining and inspecting the accident's site, the following was revealed:-
the vehicle that caused the accident was travelling from the south to the north taking the far right lane. The afflicted vehicle was travelling from the north to the south making a turn to east and taking the second lane from the left. The former ran the red light and collided from the left front side with the front side of the afflicted vehicle. as a result, the driver of the former was moderately injured and material damages were caused to the vehicles. ",Intersection Tarkhees,Yes,80,None,4
Abu Dhabi,Al Madina Police Station,2013,February,28-02-13,Abu Dhabi,Internal road,1.0013E+11,28,Fourth week,Traffic accident with injuries,Not observing the stop sign,1,Street Mina(3),Street Mina(3),Commercial area,Intersection,night - enough lights,clear,Dry,Perpendicular Intersection,Perpendicular collision,Sultanate of Oman,N,Passenger,Back passenger seat,Minor,4,F,Female,4,1 to 7 years,Feb,GCC,Thursday,21:15,PM,Below 18 years,1,Not Identified,Not Identified,30,"After examining and inspecting the accident's site, the following was revealed:- 

the vehicle that caused the accident was travelling from the north to the south. The afflicted vehicle was travelling from the east to the west. The former didn’t follow the traffic rule (stop line), and collided from the front side with the right side of the first afflicted vehicle. The powerful impact lead the latter to drift and collided with the second afflicted vehicle which was parked. As a result, the passenger of the first afflicted vehicle was injured and material damages were caused to the vehicles. Everything was settled as shown in the diagram.","The port area, opposite the Abu Dhabi Cooperative Society parking lot (Al Mina)",No,60,None,2
Abu Dhabi,Al Madina Police Station,2013,February,28-02-13,Abu Dhabi,Internal road,1.0013E+11,28,Fourth week,Traffic accident with injuries,Not observing the stop sign,1,Street Mina(3),Street Mina(3),Commercial area,Intersection,night - enough lights,clear,Dry,Perpendicular Intersection,Perpendicular collision,Sultanate of Oman,Y,Driver,Driver's seat,Minor,53,M,Male,53,46 to 60 years,Feb,GCC,Thursday,21:15,PM,46 to 60 years,1,Not Identified,Not Identified,30,"After examining and inspecting the accident's site, the following was revealed:- 

the vehicle that caused the accident was travelling from the north to the south. The afflicted vehicle was travelling from the east to the west. The former didn’t follow the traffic rule (stop line), and collided from the front side with the right side of the first afflicted vehicle. The powerful impact lead the latter to drift and collided with the second afflicted vehicle which was parked. As a result, the passenger of the first afflicted vehicle was injured and material damages were caused to the vehicles. Everything was settled as shown in the diagram.",The port area opposite the parking lots of Abu Dhabi Cooperative Society (Al Mina),Yes,60,None,2