Emirate,Police Station,Year,Month,Date,City,Road,Report Number,Day,Week,Report type,Reasons,Computed,Streets,Street,Place,Location,lighting,Weather,Road surface,Intersection,Accident Type,Nationalities,Seat Belt,Injured person position,Injured person's seat,Degree of the injury,Age of the injured,Gender,Gender of the injured,Inp Age,Age Group,Date - Month,Nationality of the Injured person,Day,Iac Rep Time,Time,Age Group - Ministry,Computed2,Area,Block,Str Code,Accident Description,Location,Fasten seat belt,Road speed limit,Pedestrian action,Number of Lanes
Abu Dhabi,Shaabiya Police Station,2013,March,13-03-13,Abu Dhabi,Internal road,1.0013E+11,13,Second week,Traffic accident with injuries,Ignoring road lane,1,Hazaa Bin Zayed Al Awal Street (11),Hazaa Bin Zayed Al Awal Street (11),Commercial area,Two-way road,night - enough lights,clear,Dry,Not on Intersection,Perpendicular collision,Syria,N,Passenger,Back passenger seat,Moderate,1,F,Female,1,1 to 7 years,Mar,Arab States,Wednesday,23:45,PM,Below 18 years,1,Dhafra (Abu Dhabi),Block 15-2,23,"After examining and inspecting the accident's site, the following was revealed:-
the vehicle that caused the accident and the first afflicted vehicle were travelling from the west to the east taking the right lane, the former was in the front while the latter was in the back. The former didn’t follow the traffic sign (no U turns) and collided from the front left side with the front right side of the afflicted vehicle. The powerful impact lead the latter to drift to the left and collide from the right side with front left side of the second afflicted vehicle which was parked, the vehicle kept on moving and got the side-walk over the grass an dove 4 meters till it crashed into house creating a hole in it’s wall. As shown in the diagram.","Near Emirates College, Hazaa Street, behind the phone shops",No,40,None,2
Abu Dhabi,Khaldiya Police Station,2013,March,15-03-13,Abu Dhabi,Internal road,1.0013E+11,15,Third week,Traffic accident with injuries,Lack of driving awareness,1,Street Mohamed Bin Khalifa(15),Street Mohamed Bin Khalifa(15),Park,Car parking,day,clear,Dry,Not on Intersection,Fall,Bangladesh,N,Driver,Driver's seat,Moderate,29,M,Male,29,18 to 30 years,Mar,Asian States,Friday,7:00,AM,18 to 30 years,1,Mushrif,Block 18-1,21,"After examining and inspecting the accident's site, the following was revealed:- The motorcycle was entering Meshref park’s parking lot when he  fell of his vehicle because he was wasn’t careful. as a result, the driver was moderately injured and was admitted to the hospital. As shown in the diagram.","Mohammed Bin Khalifa Street, near Mushrif Park",No,40,None,
Abu Dhabi,Shaabiya Police Station,2013,March,15-03-13,Abu Dhabi,Internal road,1.0013E+11,15,Third week,Traffic accident with injuries,Speedy without taking road conditions into account,1,Al Sharqi Street (Muroor) (4),Al Sharqi Street (Muroor) (4),Commercial area,Highway,night - enough lights,clear,Dry,Not on Intersection,Person run over,India,N,Pedestrian,No passenger,Severe,25,M,Male,25,18 to 30 years,Mar,Asian States,Friday,23:50,PM,18 to 30 years,1,Madinat Zayed (Abu Dhabi),Block 34-1,13,"After examining and inspecting the accident's site, the following was revealed:
the vehicle that caused the accident was travelling from the west to the east taking the third lane from the left. the victim was crossing the street from the cross-walk in the first lane from the right and when he saw the vehicle coming he switched to the third lane out of the cross-walk trying to avoid it. The driver was speeding and violated the pedestrian rules and hit the victim with the front right side of his vehicle sending him flying 7 meters away (the victim was diabetic). as a result, the victim was injured and material damages were caused to the vehicle. Everything was settled as shown in the diagram. ",Al Muroor Street in front of Sultan Bakeries,No,60,"Cross, but not on the crosswalk",4
Abu Dhabi,Khaldiya Police Station,2013,March,16-03-13,Abu Dhabi,Internal road,1.0013E+11,16,Third week,Traffic accident with injuries,Sudden stop,1,Street Arabian Gulf(30),Street Arabian Gulf(30),Hospital,Highway,day,clear,Dry,Not on Intersection,Rear collision,Philippines,Y,Passenger,Back passenger seat,Minor,31,M,Male,31,31 to 45 years,Mar,Asian States,Saturday,16:17,PM,31 to 45 years,1,Mushrif,Block 40-2,16,"After examining and inspecting the accident's site, the following was revealed:
the  first vehicle that caused the accident was travelling from east to the west taking the second lane from the right. The second, the third and the forth were travelling to the same direction. The first vehicle suddenly stopped beside the Exhibitions Ground. Because The second vehicle was behind the first and wasn’t leave a space, it collided from the front side with the back side of the first vehicle. Then the second collided with the third. then sequentially, the third with the forth. Leading the third to drift to left and to collided from the left side with the front side of the afflicted vehicle(truck). The afflicted vehicle kept on going till it collided from the left side with the right side of the first vehicle, leading the latter to drift and roll-over in the middle of the road. The afflicted vehicle kept on going foreword and met the the forth vehicle halfway and collided from right side with left side of the forth. And they all stopped in the right side lane. as a result, the drivers of the first, second and third vehicles and the passengers were injured. As shown in the diagram.",Arabian Gulf Street opposite the exhibition area,Yes,80,None,4
Abu Dhabi,Khaldiya Police Station,2013,March,16-03-13,Abu Dhabi,Internal road,1.0013E+11,16,Third week,Traffic accident with injuries,Sudden stop,1,Street Arabian Gulf(30),Street Arabian Gulf(30),Hospital,Highway,day,clear,Dry,Not on Intersection,Rear collision,Pakistan,N,Driver,Driver's seat,Minor,26,M,Male,26,18 to 30 years,Mar,Asian States,Saturday,16:17,PM,18 to 30 years,1,Mushrif,Block 40-2,16,"After examining and inspecting the accident's site, the following was revealed:
the  first vehicle that caused the accident was travelling from east to the west taking the second lane from the right. The second, the third and the forth were travelling to the same direction. The first vehicle suddenly stopped beside the Exhibitions Ground. Because The second vehicle was behind the first and wasn’t leave a space, it collided from the front side with the back side of the first vehicle. Then the second collided with the third. then sequentially, the third with the forth. Leading the third to drift to left and to collided from the left side with the front side of the afflicted vehicle(truck). The afflicted vehicle kept on going till it collided from the left side with the right side of the first vehicle, leading the latter to drift and roll-over in the middle of the road. The afflicted vehicle kept on going foreword and met the the forth vehicle halfway and collided from right side with left side of the forth. And they all stopped in the right side lane. as a result, the drivers of the first, second and third vehicles and the passengers were injured. As shown in the diagram.",Arabian Gulf Street opposite the exhibition area,No,80,None,4
Abu Dhabi,Khaldiya Police Station,2013,March,16-03-13,Abu Dhabi,Internal road,1.0013E+11,16,Third week,Traffic accident with injuries,Sudden stop,1,Street Arabian Gulf(30),Street Arabian Gulf(30),Hospital,Highway,day,clear,Dry,Not on Intersection,Rear collision,Philippines,N,Passenger,Back passenger seat,Minor,31,M,Male,31,31 to 45 years,Mar,Asian States,Saturday,16:17,PM,31 to 45 years,1,Mushrif,Block 40-2,16,"After examining and inspecting the accident's site, the following was revealed:
the  first vehicle that caused the accident was travelling from east to the west taking the second lane from the right. The second, the third and the forth were travelling to the same direction. The first vehicle suddenly stopped beside the Exhibitions Ground. Because The second vehicle was behind the first and wasn’t leave a space, it collided from the front side with the back side of the first vehicle. Then the second collided with the third. then sequentially, the third with the forth. Leading the third to drift to left and to collided from the left side with the front side of the afflicted vehicle(truck). The afflicted vehicle kept on going till it collided from the left side with the right side of the first vehicle, leading the latter to drift and roll-over in the middle of the road. The afflicted vehicle kept on going foreword and met the the forth vehicle halfway and collided from right side with left side of the forth. And they all stopped in the right side lane. as a result, the drivers of the first, second and third vehicles and the passengers were injured. As shown in the diagram.",Arabian Gulf Street opposite the exhibition area,No,80,None,4
Abu Dhabi,Khaldiya Police Station,2013,March,16-03-13,Abu Dhabi,Internal road,1.0013E+11,16,Third week,Traffic accident with injuries,Sudden stop,1,Street Arabian Gulf(30),Street Arabian Gulf(30),Hospital,Highway,day,clear,Dry,Not on Intersection,Rear collision,Sri Lanka,Y,Passenger,Front passenger seat,Moderate,24,M,Male,24,18 to 30 years,Mar,Asian States,Saturday,16:17,PM,18 to 30 years,1,Mushrif,Block 40-2,16,"After examining and inspecting the accident's site, the following was revealed:
the  first vehicle that caused the accident was travelling from east to the west taking the second lane from the right. The second, the third and the forth were travelling to the same direction. The first vehicle suddenly stopped beside the Exhibitions Ground. Because The second vehicle was behind the first and wasn’t leave a space, it collided from the front side with the back side of the first vehicle. Then the second collided with the third. then sequentially, the third with the forth. Leading the third to drift to left and to collided from the left side with the front side of the afflicted vehicle(truck). The afflicted vehicle kept on going till it collided from the left side with the right side of the first vehicle, leading the latter to drift and roll-over in the middle of the road. The afflicted vehicle kept on going foreword and met the the forth vehicle halfway and collided from right side with left side of the forth. And they all stopped in the right side lane. as a result, the drivers of the first, second and third vehicles and the passengers were injured. As shown in the diagram.",Arabian Gulf Street opposite the exhibition area,Yes,80,None,4
Abu Dhabi,Khaldiya Police Station,2013,March,16-03-13,Abu Dhabi,Internal road,1.0013E+11,16,Third week,Traffic accident with injuries,Sudden stop,1,Street Arabian Gulf(30),Street Arabian Gulf(30),Hospital,Highway,day,clear,Dry,Not on Intersection,Rear collision,Pakistan,Y,Passenger,Front passenger seat,Moderate,24,M,Male,24,18 to 30 years,Mar,Asian States,Saturday,16:17,PM,18 to 30 years,1,Mushrif,Block 40-2,16,"After examining and inspecting the accident's site, the following was revealed:
the  first vehicle that caused the accident was travelling from east to the west taking the second lane from the right. The second, the third and the forth were travelling to the same direction. The first vehicle suddenly stopped beside the Exhibitions Ground. Because The second vehicle was behind the first and wasn’t leave a space, it collided from the front side with the back side of the first vehicle. Then the second collided with the third. then sequentially, the third with the forth. Leading the third to drift to left and to collided from the left side with the front side of the afflicted vehicle(truck). The afflicted vehicle kept on going till it collided from the left side with the right side of the first vehicle, leading the latter to drift and roll-over in the middle of the road. The afflicted vehicle kept on going foreword and met the the forth vehicle halfway and collided from right side with left side of the forth. And they all stopped in the right side lane. as a result, the drivers of the first, second and third vehicles and the passengers were injured. As shown in the diagram.",Arabian Gulf Street opposite the exhibition area,Yes,80,None,4
Abu Dhabi,Khaldiya Police Station,2013,March,16-03-13,Abu Dhabi,Internal road,1.0013E+11,16,Third week,Traffic accident with injuries,Sudden stop,1,Street Arabian Gulf(30),Street Arabian Gulf(30),Hospital,Highway,day,clear,Dry,Not on Intersection,Rear collision,Afghanistan,N,Passenger,Front passenger seat,Moderate,30,M,Male,30,18 to 30 years,Mar,Asian States,Saturday,16:17,PM,18 to 30 years,1,Mushrif,Block 40-2,16,"After examining and inspecting the accident's site, the following was revealed:
the  first vehicle that caused the accident was travelling from east to the west taking the second lane from the right. The second, the third and the forth were travelling to the same direction. The first vehicle suddenly stopped beside the Exhibitions Ground. Because The second vehicle was behind the first and wasn’t leave a space, it collided from the front side with the back side of the first vehicle. Then the second collided with the third. then sequentially, the third with the forth. Leading the third to drift to left and to collided from the left side with the front side of the afflicted vehicle(truck). The afflicted vehicle kept on going till it collided from the left side with the right side of the first vehicle, leading the latter to drift and roll-over in the middle of the road. The afflicted vehicle kept on going foreword and met the the forth vehicle halfway and collided from right side with left side of the forth. And they all stopped in the right side lane. as a result, the drivers of the first, second and third vehicles and the passengers were injured. As shown in the diagram.",Arabian Gulf Street opposite the exhibition area,No,80,None,4
Abu Dhabi,Khaldiya Police Station,2013,March,16-03-13,Abu Dhabi,Internal road,1.0013E+11,16,Third week,Traffic accident with injuries,Sudden stop,1,Street Arabian Gulf(30),Street Arabian Gulf(30),Hospital,Highway,day,clear,Dry,Not on Intersection,Rear collision,Yemen,Y,Driver,Driver's seat,Moderate,34,F,Female,34,31 to 45 years,Mar,GCC,Saturday,16:17,PM,31 to 45 years,1,Mushrif,Block 40-2,16,"After examining and inspecting the accident's site, the following was revealed:
the  first vehicle that caused the accident was travelling from east to the west taking the second lane from the right. The second, the third and the forth were travelling to the same direction. The first vehicle suddenly stopped beside the Exhibitions Ground. Because The second vehicle was behind the first and wasn’t leave a space, it collided from the front side with the back side of the first vehicle. Then the second collided with the third. then sequentially, the third with the forth. Leading the third to drift to left and to collided from the left side with the front side of the afflicted vehicle(truck). The afflicted vehicle kept on going till it collided from the left side with the right side of the first vehicle, leading the latter to drift and roll-over in the middle of the road. The afflicted vehicle kept on going foreword and met the the forth vehicle halfway and collided from right side with left side of the forth. And they all stopped in the right side lane. as a result, the drivers of the first, second and third vehicles and the passengers were injured. As shown in the diagram.",Arabian Gulf Street opposite the exhibition area,Yes,80,None,4
Abu Dhabi,Khaldiya Police Station,2013,March,16-03-13,Abu Dhabi,Internal road,1.0013E+11,16,Third week,Traffic accident with injuries,Sudden stop,1,Street Arabian Gulf(30),Street Arabian Gulf(30),Hospital,Highway,day,clear,Dry,Not on Intersection,Rear collision,Nepal,Y,Driver,Driver's seat,Minor,32,M,Male,32,31 to 45 years,Mar,Other,Saturday,16:17,PM,31 to 45 years,1,Mushrif,Block 40-2,16,"After examining and inspecting the accident's site, the following was revealed:
the  first vehicle that caused the accident was travelling from east to the west taking the second lane from the right. The second, the third and the forth were travelling to the same direction. The first vehicle suddenly stopped beside the Exhibitions Ground. Because The second vehicle was behind the first and wasn’t leave a space, it collided from the front side with the back side of the first vehicle. Then the second collided with the third. then sequentially, the third with the forth. Leading the third to drift to left and to collided from the left side with the front side of the afflicted vehicle(truck). The afflicted vehicle kept on going till it collided from the left side with the right side of the first vehicle, leading the latter to drift and roll-over in the middle of the road. The afflicted vehicle kept on going foreword and met the the forth vehicle halfway and collided from right side with left side of the forth. And they all stopped in the right side lane. as a result, the drivers of the first, second and third vehicles and the passengers were injured. As shown in the diagram.",Arabian Gulf Street opposite the exhibition area,Yes,80,None,4
Abu Dhabi,Shaabiya Police Station,2013,March,16-03-13,Abu Dhabi,Internal road,1.0013E+11,16,Third week,Traffic accident with injuries,Bypassing the red traffic light,1,IP43A IntersectionHazaa Bin Zayed Al Awal - Al Sharqi (Muroor),IP43A IntersectionHazaa Bin Zayed Al Awal - Al Sharqi (Muroor),Commercial area,Intersection,night - enough lights,clear,Dry,Perpendicular Intersection,Perpendicular collision,Palestine,N,Driver,Driver's seat,Moderate,38,M,Male,38,31 to 45 years,Mar,Arab States,Saturday,18:20,PM,31 to 45 years,1,Dhafra (Abu Dhabi),Block 15-1,162," After examining and inspecting the accident's site, the following was revealed:- The vehicle that caused the accident (bicycle) was crossing the street from the south to the north in the cross-walk. The afflicted vehicle (motorcycle)was travelling from the west to the east. The former ran the red light and collided from the right side with afflicted vehicle. as a result, both driver were injured and material damages were caused to vehicles. as shown in the diagram.",Powerhouse Intersection,No,60,None,3
Abu Dhabi,Khaldiya Police Station,2013,March,17-03-13,Abu Dhabi,Internal road,1.0013E+11,17,Third week,Traffic accident with injuries,Bypassing the red traffic light,1,IP33B IntersectionFalah - Arabian Gulf,IP33B IntersectionFalah - Arabian Gulf,School,Intersection,day,clear,Dry,Perpendicular Intersection,Perpendicular collision,India,N,Driver,Driver's seat,Minor,36,F,Female,36,31 to 45 years,Mar,Asian States,Sunday,8:20,AM,31 to 45 years,1,Al Butain,Block 74-2,157,"After examining and inspecting the accident's site, the following was revealed:- the vehicle that caused the accident was travelling from the east to the west making a left turn from far left lane. The afflicted vehicles were travelling from the west to the east, the first was taking the middle lane while the was taking the right lane. The former ran the red light and collided from right side with front side of the first and the second afflicted vehicles. as a result, the drivers of the former and first afflicted vehicle were inured and were admitted to the hospital. And material damages were caused to vehicles. Everything was settled.",Mawaheb School intersection,No,60,None,4
Abu Dhabi,Khaldiya Police Station,2013,March,17-03-13,Abu Dhabi,Internal road,1.0013E+11,17,Third week,Traffic accident with injuries,Bypassing the red traffic light,1,IP33B IntersectionFalah - Arabian Gulf,IP33B IntersectionFalah - Arabian Gulf,School,Intersection,day,clear,Dry,Perpendicular Intersection,Perpendicular collision,Morocco,Y,Driver,Driver's seat,Moderate,37,F,Female,37,31 to 45 years,Mar,Arab States,Sunday,8:20,AM,31 to 45 years,1,Al Butain,Block 74-2,157,"After examining and inspecting the accident's site, the following was revealed:- the vehicle that caused the accident was travelling from the east to the west making a left turn from far left lane. The afflicted vehicles were travelling from the west to the east, the first was taking the middle lane while the was taking the right lane. The former ran the red light and collided from right side with front side of the first and the second afflicted vehicles. as a result, the drivers of the former and first afflicted vehicle were inured and were admitted to the hospital. And material damages were caused to vehicles. Everything was settled.",Mawaheb School intersection,Yes,60,None,4
Abu Dhabi,Khaldiya Police Station,2013,March,17-03-13,Abu Dhabi,Internal road,1.0013E+11,17,Third week,Traffic accident with injuries,Misuse of traffic,1,IP43IntersectionRashed Bin Saeed Al Maktoum-Hazaa Bin Zayed Al Awal,IP43IntersectionRashed Bin Saeed Al Maktoum-Hazaa Bin Zayed Al Awal,Commercial area,Intersection,day,clear,Dry,Perpendicular Intersection,Person run over,Egypt,N,Pedestrian,No passenger,Moderate,53,M,Male,53,46 to 60 years,Mar,Arab States,Sunday,8:45,AM,46 to 60 years,1,Dhafra (Abu Dhabi),Block 15-2,163,"After examining and inspecting the accident's site, the following was revealed:-
the vehicles that caused the accident were travelling from the east to the west. The first was taking the far left lane while the second was taking the second lane from the left. The victim was crossing the street from west to the east in the green light. The the first and the second vehicle violated the pedestrian rules. The first hit victim with the front of the vehicle sending him to the right for the second vehicle to drive over his his leg. then the second vehicle fled from the scene. as a result, the victim was injured and was admitted to the hospital. As shown in the diagram.","Al Wahda Mall intersection, outward",No,60,Cross on the crosswalk of the intersection,4
Abu Dhabi,Khaldiya Police Station,2013,March,18-03-13,Abu Dhabi,Internal road,1.0013E+11,18,Third week,Traffic accident with injuries,Not observing the stop sign,1,Street Arabian Gulf(30),Street Arabian Gulf(30),Residential area,Single road,day,clear,Dry,Not on Intersection,Perpendicular collision,UAE,Y,Driver,Driver's seat,Minor,34,F,Female,34,31 to 45 years,Mar,UAE,Monday,7:30,AM,31 to 45 years,1,Not Identified,Not Identified,16,"After examining and inspecting the accident's site, the following was revealed:-
the vehicle that caused the accident was travelling from the west to the east taking the left lane in a sub-road. The first afflicted vehicle was travelling from the north to the south taking the right lane. The former was speeding and didn’t follow the traffic sign (STOP) when he collided from the front with right side of the afflicted vehicle. The powerful impact pushed the first afflicted vehicle to the front to collided from the front with the second afflicted vehicle and the third afflicted vehicle which was parked in from of its owner house. The powerful impact lead the second afflicted vehicle to crash from the back side into the door of the house as shown in the diagram. as a result, the driver of the first afflicted vehicle was inured and was admitted to the hospital and got out. And material damages were caused to the vehicles. ","Al Muharba area, opposite the Chinese Embassy",Yes,40,None,1
Abu Dhabi,Shaabiya Police Station,2013,March,18-03-13,Abu Dhabi,Internal road,1.0013E+11,18,Third week,Traffic accident with injuries,Bypassing the red traffic light,1,IP9 IntersectionHamdan Bin Mohamed - Salam,IP9 IntersectionHamdan Bin Mohamed - Salam,Commercial area,Intersection,day,clear,Dry,Perpendicular Intersection,Perpendicular collision,Pakistan,N,Passenger,Front passenger seat,Minor,35,M,Male,35,31 to 45 years,Mar,Asian States,Monday,11:00,AM,31 to 45 years,1,Markaziya,Block 52-1,103,"After examining and inspecting the accident's site, the following was revealed:-
the vehicle that caused the accident was travelling from the east to the west taking the left lane to make a turn to the south in the crossroads. The afflicted vehicle was travelling from the west to the east taking the second lane from the right side. The former ran the red light and collided from the front side with the frond right side of the afflicted vehicle. As shown in the diagram. ",The intersection of Sheikh Zayed Road with Hamdan Street,No,60,None,3
Abu Dhabi,Shaabiya Police Station,2013,March,21-03-13,Abu Dhabi,Internal road,1.0013E+11,21,Third week,Traffic accident with injuries,Misuse of traffic,1,Hazaa Bin Zayed Al Awal Street (11),Hazaa Bin Zayed Al Awal Street (11),Commercial area,Double road,night - enough lights,clear,Dry,Not on or around 20 meters,Person run over,Pakistan,N,Pedestrian,No passenger,Moderate,31,M,Male,31,31 to 45 years,Mar,Asian States,Thursday,20:30,PM,31 to 45 years,1,Al Wahda,Block 16-1,23,"After examining and inspecting the accident's site, the following was revealed:-
The vehicle that caused the accident (motorcycle) was travelling from the south to the north. the victim was crossing the road from the east to the west. The former violated the pedestrian rules and hit the victim with the front side of his vehicle. As a result, the victim was injured and was admitted to the hospital. As shown in the diagram.","Hazaa Bin Zayed Street, behind Al Arab Restaurant",No,20,"Cross, there's no crosswalk",1
Abu Dhabi,Shaabiya Police Station,2013,March,22-03-13,Abu Dhabi,Internal road,1.0013E+11,22,Fourth week,Traffic accident with injuries,under influence of intoxicant or narcotic drug,1,IP35A IntersectionFalah - Al Sharqi (Muroor),IP35A IntersectionFalah - Al Sharqi (Muroor),Commercial area,Intersection,night - enough lights,clear,Dry,Perpendicular Intersection,deterioration,Nepal,Y,Driver,Driver's seat,Moderate,27,M,Male,27,18 to 30 years,Mar,Other,Friday,5:10,PM,18 to 30 years,1,Madinat Zayed (Abu Dhabi),Block 14-1,152,"After examining and inspecting the accident's site, the following was revealed:- 

The vehicle that caused the accident (motorcycle) was travelling from the south to the north and making a left turn. Because the driver was under the influence of alcohol, he drifted with his vehicle to right and crashed from the front side into the side-walk leading the vehicle to roll-over. As a result, the driver was injured and was admitted to the hospital. And material damages were caused to the vehicle.",Formerly Al Sehha intersection,Yes,60,None,2
Abu Dhabi,Khaldiya Police Station,2013,March,23-03-13,Abu Dhabi,Internal road,1.0013E+11,23,Fourth week,Traffic accident with injuries,Exceeding speed limit,1,IP57R IntersectionHazaa Bin Zayed Al Awal - Street 32,IP57R IntersectionHazaa Bin Zayed Al Awal - Street 32,Fuel Station,Intersection,night - enough lights,clear,Dry,Multiple leg Intersection,Hitting a stationary object on the road,Syria,Y,Passenger,Front passenger seat,Moderate,24,M,Male,24,18 to 30 years,Mar,Arab States,Saturday,0:30,PM,18 to 30 years,1,Al Butain,Block 95-2,168,"After examining and inspecting the accident's site, the following was revealed:-
the vehicle that caused the accident was travelling from the east to the west taking the first lane from the right. The driver was speeding when he collided from the front right side with the side-walk. He kept on moving on the side-walk which was in the middle of the street till he crashed into the traffic light pole. And he kept diving to the west till he reached the crossroads to collided with side-walk on the right. An then continued driving for about 40 meters to stop beside the side-walk on the right. as a result, the driver was inured and material damages were caused to the vehicle and the state’s properties.",Formerly Qatar intersection ,Yes,60,None,3
Abu Dhabi,Khaldiya Police Station,2013,March,23-03-13,Abu Dhabi,Internal road,1.0013E+11,23,Fourth week,Traffic accident with injuries,Exceeding speed limit,1,IP57R IntersectionHazaa Bin Zayed Al Awal - Street 32,IP57R IntersectionHazaa Bin Zayed Al Awal - Street 32,Fuel Station,Intersection,night - enough lights,clear,Dry,Multiple leg Intersection,Hitting a stationary object on the road,Jordan,Y,Driver,Driver's seat,Minor,28,M,Male,28,18 to 30 years,Mar,Arab States,Saturday,0:30,PM,18 to 30 years,1,Al Butain,Block 95-2,168,"After examining and inspecting the accident's site, the following was revealed:-
the vehicle that caused the accident was travelling from the east to the west taking the first lane from the right. The driver was speeding when he collided from the front right side with the side-walk. He kept on moving on the side-walk which was in the middle of the street till he crashed into the traffic light pole. And he kept diving to the west till he reached the crossroads to collided with side-walk on the right. An then continued driving for about 40 meters to stop beside the side-walk on the right. as a result, the driver was inured and material damages were caused to the vehicle and the state’s properties.",Formerly Qatar intersection ,Yes,60,None,3
Abu Dhabi,Shaabiya Police Station,2013,March,23-03-13,Abu Dhabi,Internal road,1.0013E+11,23,Fourth week,Traffic accident with injuries,Bypassing the red traffic light,1,Hazaa Bin Zayed Al Awal Street (11),Hazaa Bin Zayed Al Awal Street (11),Residential area,Intersection,day,clear,Dry,????? ??? ?????,Perpendicular collision,Britain,Y,Driver,Driver's seat,Minor,47,M,Male,47,46 to 60 years,Mar,Other,Saturday,16:00,PM,46 to 60 years,1,Qasr Al Bahar,Block 75-1,23,"After examining and inspecting the accident's site, the following was revealed:-
the vehicle that caused the accident was travelling from the south to the north taking the middle lane to make a turn to the west in the crossroads. The afflicted vehicle was travelling from the north to the south taking the left lane. The former ran the red light and collided from the right side with the front side of the afflicted vehicle. As shown in the diagram.","Al Reem Island, next to the Sun Towers",Yes,60,None,2
Abu Dhabi,Shaabiya Police Station,2013,March,23-03-13,Abu Dhabi,Internal road,1.0013E+11,23,Fourth week,Traffic accident with injuries,Bypassing the red traffic light,1,Hazaa Bin Zayed Al Awal Street (11),Hazaa Bin Zayed Al Awal Street (11),Residential area,Intersection,day,clear,Dry,????? ??? ?????,Perpendicular collision,Britain,Y,Passenger,Front passenger seat,Minor,37,F,Female,37,31 to 45 years,Mar,Other,Saturday,16:00,PM,31 to 45 years,1,Qasr Al Bahar,Block 75-1,23,"After examining and inspecting the accident's site, the following was revealed:-
the vehicle that caused the accident was travelling from the south to the north taking the middle lane to make a turn to the west in the crossroads. The afflicted vehicle was travelling from the north to the south taking the left lane. The former ran the red light and collided from the right side with the front side of the afflicted vehicle. As shown in the diagram.","Al Reem Island, next to the Sun Towers",Yes,60,None,2
Abu Dhabi,Shaabiya Police Station,2013,March,23-03-13,Abu Dhabi,Internal road,1.0013E+11,23,Fourth week,Traffic accident with injuries,Bypassing the red traffic light,1,Hazaa Bin Zayed Al Awal Street (11),Hazaa Bin Zayed Al Awal Street (11),Residential area,Intersection,day,clear,Dry,????? ??? ?????,Perpendicular collision,Britain,Y,Passenger,Back passenger seat,Minor,11,F,Female,11,8 to 17 years,Mar,Other,Saturday,16:00,PM,Below 18 years,1,Qasr Al Bahar,Block 75-1,23,"After examining and inspecting the accident's site, the following was revealed:-
the vehicle that caused the accident was travelling from the south to the north taking the middle lane to make a turn to the west in the crossroads. The afflicted vehicle was travelling from the north to the south taking the left lane. The former ran the red light and collided from the front right side with the front side of the afflicted vehicle. As shown in the diagram.","Al Reem Island, next to the Sun Towers",Yes,60,None,2
Abu Dhabi,Shaabiya Police Station,2013,March,23-03-13,Abu Dhabi,Internal road,1.0013E+11,23,Fourth week,Traffic accident with injuries,Bypassing the red traffic light,1,Hazaa Bin Zayed Al Awal Street (11),Hazaa Bin Zayed Al Awal Street (11),Residential area,Intersection,day,clear,Dry,????? ??? ?????,Perpendicular collision,UAE,Y,Driver,Driver's seat,Minor,41,F,Female,41,31 to 45 years,Mar,UAE,Saturday,16:00,PM,31 to 45 years,1,Qasr Al Bahar,Block 75-1,23,"After examining and inspecting the accident's site, the following was revealed:-
the vehicle that caused the accident was travelling from the south to the north taking the middle lane to make a turn to the west in the crossroads. The afflicted vehicle was travelling from the north to the south taking the left lane. The former ran the red light and collided from the front right side with the front side of the afflicted vehicle. As shown in the diagram.","Al Reem Island, next to the Sun Towers",Yes,60,None,2