Emirate,Police Station,Year,Month,Date,City,Road,Report Number,Day,Week,Report type,Reasons,Computed,Streets,Street,Place,Location,lighting,Weather,Road surface,Intersection,Accident Type,Nationalities,Seat Belt,Injured person position,Injured person's seat,Degree of the injury,Age of the injured,Gender,Gender of the injured,Inp Age,Age Group,Date - Month,Nationality of the Injured person,Day,Iac Rep Time,Time,Age Group - Ministry,Computed2,Area,Block,Str Code,Accident Description,Location,Fasten seat belt,Road speed limit,Pedestrian action,Number of Lanes
Abu Dhabi,Shaabiya Police Station,2013,March,23-03-13,Abu Dhabi,Internal road,1.0013E+11,23,Fourth week,Traffic accident with injuries,Bypassing the red traffic light,1,Hazaa Bin Zayed Al Awal Street (11),Hazaa Bin Zayed Al Awal Street (11),Residential area,Intersection,day,clear,Dry,????? ??? ?????,Perpendicular collision,Yemen,Y,Passenger,Front passenger seat,Minor,13,M,Male,13,8 to 17 years,Mar,GCC,Saturday,16:00,PM,Below 18 years,1,Qasr Al Bahar,Block 75-1,23,"After examining and inspecting the accident's site, the following was revealed:-
the vehicle that caused the accident was travelling from the south to the north taking the middle lane to make a turn to the west in the crossroads. The afflicted vehicle was travelling from the north to the south taking the left lane. The former ran the red light and collided from the right side with the front side of the afflicted vehicle. As shown in the diagram.","Al Reem Island, next to the Sun Towers",Yes,60,None,2
Abu Dhabi,Khaldiya Police Station,2013,March,23-03-13,Abu Dhabi,Internal road,1.0013E+11,23,Fourth week,Traffic accident with injuries,under influence of intoxicant or narcotic drug,1,IP26 IntersectionCorniche - Street 26,IP26 IntersectionCorniche - Street 26,Commercial area,Intersection,night - enough lights,clear,Dry,Perpendicular Intersection,Perpendicular collision,Syria,Y,Passenger,Back passenger seat,Minor,30,M,Male,30,18 to 30 years,Mar,Arab States,Saturday,23:12,PM,18 to 30 years,1,Khaldiya,Block 53-2,124," After examining and inspecting the accident's site, the following was revealed:-
the vehicle that caused the accident was travelling from the north to the south taking left lane to turn to the east in the crossroads. The afflicted vehicle was travelling from the south to the north taking the second lane from the right. The former was under the influence of alcohol and ran the red light and collide from the front right side with front left side of the afflicted vehicle, as shown in the diagram. As a result, the passengers of the afflicted vehicle were injured and material damages were caused to the vehicles. As shown in the diagram. ",The intersection of Corniche Street with King Khalid bin Abdulaziz Street,Yes,60,None,4
Abu Dhabi,Khaldiya Police Station,2013,March,23-03-13,Abu Dhabi,Internal road,1.0013E+11,23,Fourth week,Traffic accident with injuries,under influence of intoxicant or narcotic drug,1,IP26 IntersectionCorniche - Street 26,IP26 IntersectionCorniche - Street 26,Commercial area,Intersection,night - enough lights,clear,Dry,Perpendicular Intersection,Perpendicular collision,Lebanon,Y,Passenger,Front passenger seat,Minor,40,M,Male,40,31 to 45 years,Mar,Arab States,Saturday,23:12,PM,31 to 45 years,1,Khaldiya,Block 53-2,124," After examining and inspecting the accident's site, the following was revealed:-
the vehicle that caused the accident was travelling from the north to the south taking left lane to turn to the east in the crossroads. The afflicted vehicle was travelling from the south to the north taking the second lane from the right. The former was under the influence of alcohol and ran the red light and collide from the front right side with front left side of the afflicted vehicle, as shown in the diagram. As a result, the passengers of the afflicted vehicle were injured and material damages were caused to the vehicles. As shown in the diagram.",The intersection of Corniche Street with King Khalid bin Abdulaziz Street,Yes,60,None,4
Abu Dhabi,Al Madina Police Station,2013,March,24-03-13,Abu Dhabi,Internal road,1.0013E+11,24,Fourth week,Traffic accident with injuries,Bypassing the red traffic light,1,IP9 IntersectionHamdan Bin Mohamed - Salam,IP9 IntersectionHamdan Bin Mohamed - Salam,Commercial area,Intersection,day,clear,Dry,Perpendicular Intersection,Person run over,India,N,Pedestrian,No passenger,Moderate,50,M,Male,50,46 to 60 years,Mar,Asian States,Sunday,18:22,PM,46 to 60 years,1,Markaziya,Block 52-1,103,"After examining and inspecting the accident's site, the following was revealed:-
the vehicle that caused the accident was travelling from east to the west taking the right lane. The victim was crossing the street from the cross-walk from south to the north. The driver ran the red light and hit victim with front of his vehicle. As shown in the diagram.",The intersection of Hamdan Street with Sheikh Zayed Road,No,60,Cross on the crosswalk of the intersection,4
Abu Dhabi,Khaldiya Police Station,2013,March,25-03-13,Abu Dhabi,Internal road,1.0013E+11,25,Fourth week,Traffic accident with injuries,Speedy without taking road conditions into account,1,IP42 IntersectionHazaa Bin Zayed Al Awal - Street 26,IP42 IntersectionHazaa Bin Zayed Al Awal - Street 26,Commercial area,Intersection,day,rainy,wet,Perpendicular Intersection,Hitting a stationary object on the road,Palestine,Y,Driver,Driver's seat,Minor,29,F,Female,29,18 to 30 years,Mar,Arab States,Monday,16:47,PM,18 to 30 years,1,Rawdah,Block 55-2,165,"After examining and inspecting the accident's site, the following was revealed:- 

The vehicle that caused the accident was travelling from the south to the north taking the second lane from the left.  The driver was speeding in the rain, when the vehicle skidded to the left to crash from the front into the light pole and the traffic sign. as a result, the driver and the passenger were injured and were admitted to Sheikh Khalefa’s hospital and material damages were caused to vehicles and the state’s properties material damages.",The intersection of Hazaa Bin Zayed Street with 26th Street - near Al Shaheen supermarket,Yes,60,None,4
Abu Dhabi,Khaldiya Police Station,2013,March,25-03-13,Abu Dhabi,Internal road,1.0013E+11,25,Fourth week,Traffic accident with injuries,Speedy without taking road conditions into account,1,IP42 IntersectionHazaa Bin Zayed Al Awal - Street 26,IP42 IntersectionHazaa Bin Zayed Al Awal - Street 26,Commercial area,Intersection,day,rainy,wet,Perpendicular Intersection,Hitting a stationary object on the road,Palestine,N,Passenger,Front passenger seat,Minor,3,F,Female,3,1 to 7 years,Mar,Arab States,Monday,16:47,PM,Below 18 years,1,Rawdah,Block 55-2,165,"After examining and inspecting the accident's site, the following was revealed:- 

The vehicle that caused the accident was travelling from the south to the north taking the second lane from the left.  The driver was speeding in the rain, when the vehicle skidded to the left to crash from the front into the light pole and the traffic sign. as a result, the driver and the passenger were injured and were admitted to Sheikh Khalefa’s hospital and material damages were caused to vehicles and the state’s properties material damages.",The intersection of Hazaa Bin Zayed Street with 26th Street - near Al Shaheen supermarket,No,60,None,4
Abu Dhabi,Khaldiya Police Station,2013,March,25-03-13,Abu Dhabi,Internal road,1.0013E+11,25,Fourth week,Traffic accident with injuries,Speedy without taking road conditions into account,1,IP42 IntersectionHazaa Bin Zayed Al Awal - Street 26,IP42 IntersectionHazaa Bin Zayed Al Awal - Street 26,Commercial area,Intersection,day,rainy,wet,Perpendicular Intersection,Hitting a stationary object on the road,Palestine,N,Passenger,Front passenger seat,Moderate,22,F,Female,22,18 to 30 years,Mar,Arab States,Monday,16:47,PM,18 to 30 years,1,Rawdah,Block 55-2,165,"After examining and inspecting the accident's site, the following was revealed:- 

The vehicle that caused the accident was travelling from the south to the north taking the second lane from the left.  The driver was speeding in the rain, when the vehicle skidded to the left to crash from the front into the light pole and the traffic sign. as a result, the driver and the passenger were injured and were admitted to Sheikh Khalefa’s hospital and material damages were caused to vehicles and the state’s properties material damages.",The intersection of Hazaa Bin Zayed Street with 26th Street - near Al Shaheen supermarket,No,60,None,4
Abu Dhabi,Khaldiya Police Station,2013,March,25-03-13,Abu Dhabi,Internal road,1.0013E+11,25,Fourth week,Traffic accident with injuries,Speedy without taking road conditions into account,1,IP42 IntersectionHazaa Bin Zayed Al Awal - Street 26,IP42 IntersectionHazaa Bin Zayed Al Awal - Street 26,Commercial area,Intersection,day,rainy,wet,Perpendicular Intersection,Hitting a stationary object on the road,Palestine,N,Passenger,Back passenger seat,Moderate,24,F,Female,24,18 to 30 years,Mar,Arab States,Monday,16:47,PM,18 to 30 years,1,Rawdah,Block 55-2,165,"After examining and inspecting the accident's site, the following was revealed:- 

The vehicle that caused the accident was travelling from the south to the north taking the second lane from the left.  The driver was speeding in the rain, when the vehicle skidded to the left to crash from the front into the light pole and the traffic sign. as a result, the driver and the passenger were injured and were admitted to Sheikh Khalefa’s hospital and material damages were caused to vehicles and the state’s properties material damages.",The intersection of Hazaa Bin Zayed Street with 26th Street - near Al Shaheen supermarket,No,60,None,4
Abu Dhabi,Khaldiya Police Station,2013,March,25-03-13,Abu Dhabi,Internal road,1.0013E+11,25,Fourth week,Traffic accident with injuries,Ignoring road lane,1,IP63 IntersectionCorniche - Kaser Al Amwaj,IP63 IntersectionCorniche - Kaser Al Amwaj,Commercial area,Double road,day,rainy,wet,Not on Intersection,Side collision,UAE,Y,Driver,Driver's seat,Moderate,24,M,Male,24,18 to 30 years,Mar,UAE,Monday,17:30,PM,18 to 30 years,1,Ras Al Akhdar,Block 91-2,127,"the vehicle that caused the accident and the afflicted vehicles were travelling from the north to the south. The former taking the right lane. The afflicted vehicle was travelling to the same direction taking the second lane from the right. The fromer didn’t keep to its lane and collided from the back left side with the front right side of the first afflicted vehicle, causing the latter to drift and collided from the front left side with the back right side of the second afflicted vehicle which was in third lane from the right. The former vehicle kept o driving till collided with the third afflicted vehicle which was parked. And they all stopped. As a result, driver of the former vehicle was moderately injured and material damages were caused to the vehicle. As shown in the diagram.","Alkasir area, corniche street, outward",Yes,60,None,4
Abu Dhabi,Shaabiya Police Station,2013,March,26-03-13,Abu Dhabi,Internal road,1.0013E+11,26,Fourth week,Traffic accident with injuries,Bypassing the red traffic light,1,IP75D IntersectionAl Sharqi (Muroor) - Street 31,IP75D IntersectionAl Sharqi (Muroor) - Street 31,Residential area,Intersection,day,clear,Dry,Perpendicular Intersection,Perpendicular collision,Jordan,Y,Driver,Driver's seat,Minor,30,F,Female,30,18 to 30 years,Mar,Arab States,Tuesday,8:45,AM,18 to 30 years,1,Hadbat Al Zafaran,Block 25-1,186,"After examining and inspecting the accident's site, the following was revealed:-
The vehicle that caused the accident was travelling from the west to the east to make a left turn to the north. The two afflicted vehicles were travelling from the east to the west. The first was taking the second lane from the right and the second was taking first lane from the right. When all the  vehicles reached the crossroads, the former ran the red light and collided from the front right side with the front side. The powerful impact lead the former to spin and collide from the front with back right side of the first afflicted vehicle. And they all went to different directions and stopped. as shown in the diagram.",Baladiya garage intersection,Yes,80,None,4
Abu Dhabi,Shaabiya Police Station,2013,March,26-03-13,Abu Dhabi,Internal road,1.0013E+11,26,Fourth week,Traffic accident with injuries,Bypassing the red traffic light,1,IP75D IntersectionAl Sharqi (Muroor) - Street 31,IP75D IntersectionAl Sharqi (Muroor) - Street 31,Residential area,Intersection,day,clear,Dry,Perpendicular Intersection,Perpendicular collision,India,Y,Driver,Driver's seat,Minor,42,F,Female,42,31 to 45 years,Mar,Asian States,Tuesday,8:45,AM,31 to 45 years,1,Hadbat Al Zafaran,Block 25-1,186,"After examining and inspecting the accident's site, the following was revealed:-
The vehicle that caused the accident was travelling from the west to the east to make a left turn to the north. The two afflicted vehicles were travelling from the east to the west. The first was taking the second lane from the right and the second was taking first lane from the right. When all the  vehicles reached the crossroads, the former ran the red light and collided from the front right side with the front side. The powerful impact lead the former to spin and collide from the front with back right side of the first afflicted vehicle. And they all went to different directions and stopped. as shown in the diagram.",Baladiya garage intersection,Yes,80,None,4
Abu Dhabi,Al Madina Police Station,2013,March,27-03-13,Abu Dhabi,Internal road,9.12413E+11,27,Fourth week,Traffic accident with injuries,Sudden deviation,1,Street Zayed Al Awal(7),Street Zayed Al Awal(7),Commercial area,Double road,day,clear,Dry,Not on Intersection,Side collision,India,N,Driver,Driver's seat,Moderate,25,M,Male,25,18 to 30 years,Mar,Asian States,Wednesday,13:49,PM,18 to 30 years,1,Markaziya,Block 33-1,25,"After examining and inspecting the accident's site, the following was revealed:-
the vehicle that caused the accident was travelling from the south to the north taking the far left lane.  The afflicted vehicle was travelling to same  direction but  in the middle lane. He was surprised by the sudden lane switching of the motorcycle and collided from the left side corner with the front of the motorcycle, leading the motorcycle to spin to the middle lane and the former was on the island. as shown in the diagram.","Al Markaziya, Hamdan Bin Mohammed Street, in front of Hamed Center",No,60,None,3
Abu Dhabi,Shaabiya Police Station,2013,March,28-03-13,Abu Dhabi,Internal road,1.0013E+11,28,Fourth week,Traffic accident with injuries,Not observing the stop sign,1,Street Falah(9),Street Falah(9),Commercial area,Intersection,day,clear,Dry,Perpendicular Intersection,Perpendicular collision,UAE,Y,Driver,Driver's seat,Minor,22,M,Male,22,18 to 30 years,Mar,UAE,Thursday,12:35,PM,18 to 30 years,1,Madinat Zayed (Abu Dhabi),Block 54-1,24,"After examining and inspecting the accident's site, the following was revealed:-
the vehicle that caused the accident was travelling from the south to the north taking the right lane . The afflicted vehicle was travelling from the east to the west taking the right lane. The former didn’y follow the (STOP) sign and collided from the front right side with the back left side of the afflicted vehicle. As shown in the diagram.",A side intersection near Al Dhahabi Furniture,Yes,60,None,2
Abu Dhabi,Khaldiya Police Station,2013,March,28-03-13,Abu Dhabi,Internal road,1.0013E+11,28,Fourth week,Traffic accident with injuries,Ignoring road lane,1,Street Corniche(1),Street Corniche(1),Commercial area,Double road,day,clear,Dry,Not on Intersection,deterioration,Canada,N,Driver,bike passenger,Death,27,M,Male,27,18 to 30 years,Mar,Other,Thursday,18:27,PM,18 to 30 years,1,Markaziya (Gharb),Block 11-2,29,"After examining and inspecting the accident's site, the following was revealed:-
the vehicles were travelling from the north to the south. the vehicle that caused the accident was taking the second lane from the left and the afflicted vehicle (motorcycle) was taking the left lane. The former didn’t keep to his lane and as his suddenly switch to the left lane made the motorcycle loose his balance while trying to avoid the car. The afflicted vehicle drifted to the left side to crash into the iron bars of the park then he lost his balance ans the motorcycle flipped in the middle of the road. The accident resulted to the death of the motorcycle driver when her arrived to the hospital  and material damages were caused to the vehicle the state’s properties. ","Corniche Street, near Baynunah Tower Building, direction ""Alkasir""",No,60,None,4
Abu Dhabi,Shaabiya Police Station,2013,March,29-03-13,Abu Dhabi,Internal road,1.0013E+11,29,Fifth week,Traffic accident with injuries,Misuse of traffic,1,Al Sharqi Street (Muroor) (4),Al Sharqi Street (Muroor) (4),Commercial area,Highway,day,clear,Dry,Not on Intersection,Person run over,India,N,Pedestrian,No passenger,Moderate,35,M,Male,35,31 to 45 years,Mar,Asian States,Friday,16:03,PM,31 to 45 years,1,Hadbat Al Zafaran,Block 40-1,13,"After examining and inspecting the accident's site, the following was revealed:-
the first vehicle that caused the accident was travelling from the west to the east taking the middle lane. The second vehicle was travelling from the south to north. The first violated the pedestrian rule hit the victim who was crossing the street from the middle with the front of his vehicle. As result, the victim was injured and accident wad diagrammed.","Muroor Street, outward",No,80,"Cross, but not on the crosswalk",4
Abu Dhabi,Khaldiya Police Station,2013,March,30-03-13,Abu Dhabi,Internal road,1.0013E+11,30,Fifth week,Traffic accident with injuries,Ignoring road lane,1,IP1E IntersectionRashed Bin Saeed Al-Maktoum - Falah,IP1E IntersectionRashed Bin Saeed Al-Maktoum - Falah,Commercial area,Intersection,day,clear,Dry,Multiple leg Intersection,Perpendicular collision,Pakistan,Y,Driver,Driver's seat,Minor,36,M,Male,36,31 to 45 years,Mar,Asian States,Saturday,16:02,PM,31 to 45 years,1,Manhal,Block 14-2,153,"After examining and inspecting the accident's site, the following was revealed:- 
the vehicle that caused the accident was travelling to the north taking the far left lane. The first afflicted vehicle was in the traffic at the edge of the crossroad, the second and the third were on the opposite side of crossroads. When the former reach the crossroad he made a turn to the left. The first afflicted vehicle vehicle didn’t stick to his lane and entered the crossroads after the traffic turned green and collided from the front side with the right side of the second afflicted vehicle. Leading the latter to spin and collide from back side with the from side of the third afflicted vehicle. as a result, the driver and the passengers of the former vehicle were injured and material damages were caused to the vehicles. The accident was diagrammed.",Intersection of marriage fund (formerly General Command),Yes,60,None,4
Abu Dhabi,Khaldiya Police Station,2013,March,30-03-13,Abu Dhabi,Internal road,1.0013E+11,30,Fifth week,Traffic accident with injuries,Ignoring road lane,1,IP1E IntersectionRashed Bin Saeed Al-Maktoum - Falah,IP1E IntersectionRashed Bin Saeed Al-Maktoum - Falah,Commercial area,Intersection,day,clear,Dry,Multiple leg Intersection,Perpendicular collision,Sultanate of Oman,Y,Passenger,Back passenger seat,Minor,16,M,Male,16,8 to 17 years,Mar,GCC,Saturday,16:02,PM,Below 18 years,1,Manhal,Block 14-2,153,"After examining and inspecting the accident's site, the following was revealed:- 
the vehicle that caused the accident was travelling to the north taking the far left lane. The first afflicted vehicle was in the traffic at the edge of the crossroad, the second and the third were on the oppside side of crossroads. When the former reach the crossroad he made a turn to the left. The first afflicted vehicle vehicle didn’t stick to his lane and entered the crossroads after the traffic turned green and collided from the front side with the right side of the second afflicted vehicle. Leading the latter to spin and collide from back side with the from side of the third afflicted vehicle. as a result, the driver and the passengers of the former vehicle were injured and material damages were caused to the vehicles. The accident was diagrammed.",Intersection of marriage fund (formerly General Command),Yes,60,None,4
Abu Dhabi,Khaldiya Police Station,2013,March,30-03-13,Abu Dhabi,Internal road,1.0013E+11,30,Fifth week,Traffic accident with injuries,Ignoring road lane,1,IP1E IntersectionRashed Bin Saeed Al-Maktoum - Falah,IP1E IntersectionRashed Bin Saeed Al-Maktoum - Falah,Commercial area,Intersection,day,clear,Dry,Multiple leg Intersection,Perpendicular collision,Sultanate of Oman,Y,Passenger,Front passenger seat,Minor,21,M,Male,21,18 to 30 years,Mar,GCC,Saturday,16:02,PM,18 to 30 years,1,Manhal,Block 14-2,153,"After examining and inspecting the accident's site, the following was revealed:- 
the vehicle that caused the accident was travelling to the north taking the far left lane. The first afflicted vehicle was in the traffic at the edge of the crossroad, the second and the third were on the opposite side of crossroads. When the former reach the crossroad he made a turn to the left. The first afflicted vehicle vehicle didn’t stick to his lane and entered the crossroads after the traffic turned green and collided from the front side with the right side of the second afflicted vehicle. Leading the latter to spin and collide from back side with the from side of the third afflicted vehicle. as a result, the driver and the passengers of the former vehicle were injured and material damages were caused to the vehicles. The accident was diagrammed.",Intersection of marriage fund (formerly General Command),Yes,60,None,4
Abu Dhabi,Khaldiya Police Station,2013,March,30-03-13,Abu Dhabi,Internal road,1.0013E+11,30,Fifth week,Traffic accident with injuries,Ignoring road lane,1,IP1E IntersectionRashed Bin Saeed Al-Maktoum - Falah,IP1E IntersectionRashed Bin Saeed Al-Maktoum - Falah,Commercial area,Intersection,day,clear,Dry,Multiple leg Intersection,Perpendicular collision,Sultanate of Oman,Y,Driver,Driver's seat,Minor,22,M,Male,22,18 to 30 years,Mar,GCC,Saturday,16:02,PM,18 to 30 years,1,Manhal,Block 14-2,153,"After examining and inspecting the accident's site, the following was revealed:- 
the vehicle that caused the accident was travelling to the north taking the far left lane. The first afflicted vehicle was in the traffic at the edge of the crossroad, the second and the third were on the opposite side of crossroads. When the former reach the crossroad he made a turn to the left. The first afflicted vehicle vehicle didn’t stick to his lane and entered the crossroads after the traffic turned green and collided from the front side with the right side of the second afflicted vehicle. Leading the latter to spin and collide from back side with the from side of the third afflicted vehicle. as a result, the driver and the passengers of the former vehicle were injured and material damages were caused to the vehicles. The accident was diagrammed.",Intersection of marriage fund (formerly General Command),Yes,60,None,4
Abu Dhabi,Shaabiya Police Station,2013,March,31-03-13,Abu Dhabi,Internal road,1.0013E+11,31,Fifth week,Traffic accident with injuries,Misuse of traffic,1,Al Sharqi Street (Muroor) (4),Al Sharqi Street (Muroor) (4),Commercial area,Unknown,day,clear,Dry,Not on Intersection,Person run over,India,N,Pedestrian,No passenger,Minor,3,M,Male,3,1 to 7 years,Mar,Asian States,Sunday,11:20,AM,Below 18 years,1,Hadbat Al Zafaran,Block 40-1,13,"After examining and inspecting the accident's site, the following was revealed:-
the vehicle that caused the accident was travelling from the north to the south in a sub-steer behind Emirates Discount Market. the victim was crossing the street from the west to the east from the middle of the street. The driver was surprised by the sudden appearance of the victim and hit him with the front of his car. As a result, the victim was moderately injured. As shown in the diagram.","Side Road, Behind Emirates for Sales, Hazaa Bin Zayed Street",No,60,"Cross, but not on the crosswalk",2
Abu Dhabi,Khaldiya Police Station,2013,March,31-03-13,Abu Dhabi,Internal road,1.0013E+11,31,Fifth week,Traffic accident with injuries,Bypassing the red traffic light,1,Street Zayed Al Awal(7),Street Zayed Al Awal(7),Residential area,Intersection,day,clear,Dry,Multiple leg Intersection,Perpendicular collision,Philippines,N,Passenger,Back passenger seat,Minor,41,F,Female,41,31 to 45 years,Mar,Asian States,Sunday,13:15,PM,31 to 45 years,1,Khaldiya,Block 53-2,25,"After examining and inspecting the accident's site, the following was revealed:-
   the vehicle that caused the accident was travelling from the south to the west taking the middle lane. When reached the crossroads, the former ran the red light and collided from the front side with the front right side of the afflicted vehicle which was travelling from the north to south. As a result, the passenger was injured and material damages were caused to the vehicles. ","Khaldiya area, Zayed Al Awal Street",No,60,None,4
Abu Dhabi,Shaabiya Police Station,2013,March,31-03-13,Abu Dhabi,Internal road,1.0013E+11,31,Fifth week,Traffic accident with injuries,Bypassing the red traffic light,1,IP86 IntersectionAl Sharqi (Muroor) - Street 21,IP86 IntersectionAl Sharqi (Muroor) - Street 21,Commercial area,Intersection,day,clear,Dry,Perpendicular Intersection,Perpendicular collision,UAE,Y,Driver,Driver's seat,Minor,23,M,Male,23,18 to 30 years,Mar,UAE,Sunday,16:30,PM,18 to 30 years,1,Hadbat Al Zafaran,Block 20-1,181,"After examining and inspecting the accident's site, the following was revealed:-
the vehicle that caused the accident was travelling from the east to the west taking the left side lane and wanting to turn to the south. The afflicted vehicle was travelling fro the west to the east taking the the second lane from then left. The former ran the red light and collided from right side with the front side of the afflicted vehicle, as a result, the driver and the two passengers of the afflicted vehicle was injured and material damages were caused to vehicles. ","Muroor Street, Pakistani Intersection",Yes,60,None,4
Abu Dhabi,Shaabiya Police Station,2013,March,31-03-13,Abu Dhabi,Internal road,1.0013E+11,31,Fifth week,Traffic accident with injuries,Bypassing the red traffic light,1,IP86 IntersectionAl Sharqi (Muroor) - Street 21,IP86 IntersectionAl Sharqi (Muroor) - Street 21,Commercial area,Intersection,day,clear,Dry,Perpendicular Intersection,Perpendicular collision,Philippines,Y,Passenger,Front passenger seat,Minor,31,M,Male,31,31 to 45 years,Mar,Asian States,Sunday,16:30,PM,31 to 45 years,1,Hadbat Al Zafaran,Block 20-1,181,"After examining and inspecting the accident's site, the following was revealed:-
the vehicle that caused the accident was travelling from the east to the west taking the left side lane and wanting to turn to the south. The afflicted vehicle was travelling fro the west to the east taking the the second lane from then left. The former ran the red light and collided from right side with the front side of the afflicted vehicle, as a result, the driver and the two passengers of the afflicted vehicle was injured and material damages were caused to vehicles.","Muroor Street, Pakistani Intersection",Yes,60,None,4
Abu Dhabi,Shaabiya Police Station,2013,March,31-03-13,Abu Dhabi,Internal road,1.0013E+11,31,Fifth week,Traffic accident with injuries,Bypassing the red traffic light,1,IP86 IntersectionAl Sharqi (Muroor) - Street 21,IP86 IntersectionAl Sharqi (Muroor) - Street 21,Commercial area,Intersection,day,clear,Dry,Perpendicular Intersection,Perpendicular collision,Philippines,Y,Passenger,Back passenger seat,Minor,35,M,Male,35,31 to 45 years,Mar,Asian States,Sunday,16:30,PM,31 to 45 years,1,Hadbat Al Zafaran,Block 20-1,181,"After examining and inspecting the accident's site, the following was revealed:-
the vehicle that caused the accident was travelling from the east to the west taking the left side lane and wanting to turn to the south. The afflicted vehicle was travelling fro the west to the east taking the the second lane from then left. The former ran the red light and collided from right side with the front side of the afflicted vehicle, as a result, the driver and the two passengers of the afflicted vehicle was injured and material damages were caused to vehicles.","Muroor Street, Pakistani Intersection",Yes,60,None,4
Abu Dhabi,Al Madina Police Station,2013,April,01-04-13,Abu Dhabi,Internal road,1.0013E+11,1,First week,Traffic accident with injuries,Bypassing the red traffic light,1,Street Zayed Al Awal(7),Street Zayed Al Awal(7),Residential area,Intersection,night - enough lights,clear,Dry,Perpendicular Intersection,Perpendicular collision,Pakistan,N,Driver,Driver's seat,Minor,33,M,Male,33,31 to 45 years,Apr,Asian States,Monday,3:25,PM,31 to 45 years,1,Mina,Block 73-1,25,"After examining and inspecting the accident's site, the following was revealed:-
the first vehicle that caused the accident was travelling from the south to the north in The First Zaied Street. The second was travelling from the west to the east. One of the vehicles ran the red light leading the former to collide from the front left side with the front side of the latter. As a result, the driver and the passenger of the second afflicted vehicle were injured and material damages were caused to the vehicles. As Shown in the diagram. ","Tourist Club Area, Zayed Al Awal Street, intersection with Dana Hotel",No,80,None,4
Abu Dhabi,Al Madina Police Station,2013,April,01-04-13,Abu Dhabi,Internal road,1.0013E+11,1,First week,Traffic accident with injuries,Bypassing the red traffic light,1,Street Zayed Al Awal(7),Street Zayed Al Awal(7),Residential area,Intersection,night - enough lights,clear,Dry,Perpendicular Intersection,Perpendicular collision,Bangladesh,N,Passenger,Back passenger seat,Minor,27,M,Male,27,18 to 30 years,Apr,Asian States,Monday,3:25,PM,18 to 30 years,1,Mina,Block 73-1,25,"After examining and inspecting the accident's site, the following was revealed:-
the first vehicle that caused the accident was travelling from the south to the north in The First Zaied Street. The second was travelling from the west to the east. One of the vehicles ran the red light leading the former to collide from the front left side with the front side of the latter. As a result, the driver and the passenger of the second afflicted vehicle were injured and material damages were caused to the vehicles. As Shown in the diagram.","Tourist Club Area, Zayed Al Awal Street, intersection with Dana Hotel",No,80,None,4
Abu Dhabi,Al Madina Police Station,2013,April,01-04-13,Abu Dhabi,Internal road,1.0013E+11,1,First week,Traffic accident with injuries,Ignoring road lane,1,IP41C Street Mina (Intersection???? ???? ???????),IP41C Street Mina (Intersection???? ???? ???????),Govt. authority,Intersection,day,clear,Dry,Perpendicular Intersection,Side collision,Bangladesh,N,Driver,bike passenger,Minor,22,M,Male,22,18 to 30 years,Apr,Asian States,Monday,8:30,AM,18 to 30 years,1,Mina,Block 91-1,116,"After examining and inspecting the accident's site, the following was revealed:-
The vehicle that caused the accident (motorcycle) was travelling from the south to the north passing from a place not fro motorcycles. The afflicted vehicle was travelling from the south to the north wanting to make turn to the west. The former didn’t keep to his lane and collided from the front side with the front left side of the afflicted vehicle. The powerful impact lead the motorcycle driver to crash into the wind-shield of the car. As a result, the the motorcycle driver was moderately injured and material damages were caused to the vehicles. As shown in the diagram.","Port, Al Sejad intersection, Shahenat Street",No,60,None,4
Abu Dhabi,Khaldiya Police Station,2013,April,01-04-13,Abu Dhabi,Internal road,1.0013E+11,1,First week,Traffic accident with injuries,Driving back without attention,1,Rashed Bin Saeed Al-Maktoum Street (2),Rashed Bin Saeed Al-Maktoum Street (2),Commercial area,Car parking,day,clear,Dry,Not on Intersection,Rear collision,Pakistan,N,Driver,bike passenger,Severe,31,M,Male,31,31 to 45 years,Apr,Asian States,Monday,12:48,PM,31 to 45 years,1,Mushrif,Block 18-1,14,"After examining and inspecting the accident's site, the following was revealed:
the vehicle that caused the accident was reversing in the parking area. The afflicted vehicle (motorcycle) was travelling from the west to the east in a sub-street. The former wasn’t paying attention and collided from the back side with the front side of the afflicted vehicle. Leading the vehicle of the latter to roll-over and the fall of the driver., as a result, the driver of the afflicted vehicle was injured, and material damages were caused to the vehicles. The accident was diagrammed. ","After Mushrif intersection, outward",No,40,None,2