Emirate,Police Station,Year,Month,Date,City,Road,Report Number,Day,Week,Report type,Reasons,Computed,Streets,Street,Place,Location,lighting,Weather,Road surface,Intersection,Accident Type,Nationalities,Seat Belt,Injured person position,Injured person's seat,Degree of the injury,Age of the injured,Gender,Gender of the injured,Inp Age,Age Group,Date - Month,Nationality of the Injured person,Day,Iac Rep Time,Time,Age Group - Ministry,Computed2,Area,Block,Str Code,Accident Description,Location,Fasten seat belt,Road speed limit,Pedestrian action,Number of Lanes
Abu Dhabi,Khaldiya Police Station,2013,April,12-04-13,Abu Dhabi,Internal road,1.0013E+11,12,Second week,Traffic accident with injuries,Bypassing the red traffic light,1,IP134 IntersectionAl Saada - Street 32,IP134 IntersectionAl Saada - Street 32,Govt. authority,Intersection,night - enough lights,clear,Dry,Perpendicular Intersection,Perpendicular collision,UAE,N,Passenger,Back passenger seat,Minor,12,M,Male,12,8 to 17 years,Apr,UAE,Friday,20:20,PM,Below 18 years,1,Mushrif,Block 79-2,135,"After examining and inspecting the accident's site, the following was revealed:-
The vehicle that caused the accident was travelling from the west to the north in the crossroads taking the left lane. The afflicted vehicle was travelling from the east to the west taking the middle lane. The former ran the red light and collided from the right side with the front side of the afflicted vehicle. As shown in the diagram.","Al Qusour Area, Al Saada Street with Sultan Bin Zayed Street, Al Hudayriat First Intersection",No,60,None,3
Abu Dhabi,Khaldiya Police Station,2013,April,12-04-13,Abu Dhabi,Internal road,1.0013E+11,12,Second week,Traffic accident with injuries,Bypassing the red traffic light,1,IP134 IntersectionAl Saada - Street 32,IP134 IntersectionAl Saada - Street 32,Govt. authority,Intersection,night - enough lights,clear,Dry,Perpendicular Intersection,Perpendicular collision,Iran,Y,Driver,Driver's seat,Minor,56,M,Male,56,46 to 60 years,Apr,Asian States,Friday,20:20,PM,46 to 60 years,1,Mushrif,Block 79-2,135,"After examining and inspecting the accident's site, the following was revealed:-
The vehicle that caused the accident was travelling from the west to the north in the crossroads taking the left lane. The afflicted vehicle was travelling from the east to the west taking the middle lane. The former ran the red light and collided from the right side with the front side of the afflicted vehicle. As shown in the diagram.","Al Qusour Area, Al Saada Street with Sultan Bin Zayed Street, Al Hudayriat First Intersection",Yes,60,None,3
Abu Dhabi,Khaldiya Police Station,2013,April,12-04-13,Abu Dhabi,Internal road,1.0013E+11,12,Second week,Traffic accident with injuries,Bypassing the red traffic light,1,IP134 IntersectionAl Saada - Street 32,IP134 IntersectionAl Saada - Street 32,Govt. authority,Intersection,night - enough lights,clear,Dry,Perpendicular Intersection,Perpendicular collision,UAE,Y,Driver,Driver's seat,Minor,18,M,Male,18,18 to 30 years,Apr,UAE,Friday,20:20,PM,18 to 30 years,1,Mushrif,Block 79-2,135,"After examining and inspecting the accident's site, the following was revealed:-
The vehicle that caused the accident was travelling from the west to the north in the crossroads taking the left lane. The afflicted vehicle was travelling from the east to the west taking the middle lane. The former ran the red light and collided from the right side with the front side of the afflicted vehicle. As shown in the diagram.","Al Qusour Area, Al Saada Street with Sultan Bin Zayed Street, Al Hudayriat First Intersection",Yes,60,None,3
Abu Dhabi,Khaldiya Police Station,2013,April,14-04-13,Abu Dhabi,Internal road,1.0013E+11,14,Second week,Traffic accident with injuries,Speedy without taking road conditions into account,1,Street Arabian Gulf(30),Street Arabian Gulf(30),Commercial area,Highway,day,clear,Dry,Not on Intersection,Person run over,Nepal,N,Pedestrian,No passenger,Death,29,M,Male,29,18 to 30 years,Apr,Other,Sunday,16:36,PM,18 to 30 years,1,Mushrif,Block 40-2,16,"After examining and inspecting the accident's site, the following was revealed:- the vehicle that caused the accident was travelling from the eat to west turning to the west taking the left lane. The victim was crossing the streets from the north to the south running from the middle of the street and was his by the vehicle with was  speeding even when he tried to slow down. As a result the victim was it with the front of the vehicle and knocked heim away 35 meters leading to the death of the victim.","After ADNOC station, Mushrif, inward",No,80,"Cross, there's no crosswalk",5
Abu Dhabi,Shaabiya Police Station,2013,April,15-04-13,Abu Dhabi,Internal road,1.0013E+11,15,Third week,Traffic accident with injuries,under influence of intoxicant or narcotic drug,1,Street Salam (8),Street Salam (8),Govt. authority,Highway,night - enough lights,clear,Dry,Not on Intersection,Rear collision,Syria,Y,Driver,Driver's seat,Minor,24,M,Male,24,18 to 30 years,Apr,Arab States,Monday,20:20,PM,18 to 30 years,1,Not Identified,Not Identified,12,"After examining and inspecting the accident's site, the following was revealed:- 
the vehicle that caused the accident was travelling from east to west taking the first lane, the afflicted vehiclefalicted vehicle was travelling from east to west taking the  middle lane. The fromer as under the influence of allcohol. And collided from the front with back of the other vichle.  Matrial damages were cause to the vehicles.","Salam Street, outward, before the intersection of Qasr Al Bahar",Yes,80,None,3
Abu Dhabi,Khaldiya Police Station,2013,April,15-04-13,Abu Dhabi,Internal road,1.0013E+11,15,Third week,Traffic accident with injuries,Not leaving enough space,1,Street Khalid bin Al Waleed(22),Street Khalid bin Al Waleed(22),Commercial area,Double road,day,clear,Dry,Not on or around 20 meters,Rear collision,Britain,Y,Driver,Driver's seat,Minor,47,F,Female,47,46 to 60 years,Apr,Other,Monday,16:25,PM,46 to 60 years,1,Al Hosn,Block 33-2,27,"After examining and inspecting the accident's site, the following was revealed:-
the vehicle that caused the accident was travelling from east to west taking the middle .The same goes for the afflicted vehicle.  The former didn’t leave a space. And collided from the front with back of the other vichle.  The driver of the afflicted vehicle was injured and was admitted to hospital. Matrial damages were cause to the vehicles.",King Khalid Bin Al Waleed Street in front of Khalidiyah Mall,Yes,60,None,3
Abu Dhabi,Shaabiya Police Station,2013,April,16-04-13,Abu Dhabi,Internal road,1.0013E+11,16,Third week,Traffic accident with injuries,Speedy without taking road conditions into account,1,Street Baniyas (Najda)(6),Street Baniyas (Najda)(6),Govt. authority,Double road,night - enough lights,clear,Dry,Not on Intersection,Hitting a stationary object on the road,UAE,N,Driver,Driver's seat,Moderate,22,M,Male,22,18 to 30 years,Apr,UAE,Tuesday,0:01,PM,18 to 30 years,1,Madinat Zayed (Abu Dhabi),Block 54-1,17,"After examining and inspecting the accident's site, the following was revealed:-
the vehicle that caused the accident was travelling from east to west taking the middle .The same goes for the afflicted vehicle.  The former didn’t leave a space. And collided from the front with back of the other vichle.  The driver of the afflicted vehicle was injured and was admitted to hospital. Matrial damages were cause to the vehicles.","Najda, in front of Al-Sha`biya police station",No,60,None,3
Abu Dhabi,Shaabiya Police Station,2013,April,16-04-13,Abu Dhabi,Internal road,1.0013E+11,16,Third week,Traffic accident with injuries,Misuse of traffic,1,Western borders inspection unit,Undefined,Sand area,Other(specify),day,clear,covered with sand,Not on Intersection,Person run over,Bangladesh,N,Pedestrian,No passenger,Severe,26,M,Male,26,18 to 30 years,Apr,Asian States,Tuesday,16:36,PM,18 to 30 years,1,Al Sowwa Island,Not Identified,0,"5500.                  After examining and inspecting the accident's site, the following was noted: While the driver of the vehicle was trying to stop the vehicle in a sandy location on Sowwah Island, he was surprised by a massive and random rush by the company’s workers towards the bus, which caused the runaway person to slip while trying to catch the bus before it stops properly. Due to traffic misuse, the bus driver ran over the person with the right rear tire and the person fell on the road and the bus driver stopped at the site. According to the plan, the accident occurred","Turabiya area, Sowwa Island",No,40,Cross without attention,1
Abu Dhabi,Shaabiya Police Station,2013,April,17-04-13,Abu Dhabi,Internal road,1.0013E+11,17,Third week,Traffic accident with injuries,Ignoring road lane,1,IP40 IntersectionRashed Bin Saeed Al-Maktoum - Street 35,IP40 IntersectionRashed Bin Saeed Al-Maktoum - Street 35,Fuel Station,Intersection,night - enough lights,clear,Dry,Perpendicular Intersection,Perpendicular collision,Yemen,N,Passenger,Back passenger seat,Minor,36,M,Male,36,31 to 45 years,Apr,GCC,Wednesday,3:00,PM,31 to 45 years,1,Airport,Block 27-1,189,"5501.                  After examining and inspecting the accident's site, the following was noted: The two vehicles were traveling from the east towards the west, and the vehicle causing the accident was traveling in the second lane from the right, and the damaged vehicle was traveling in the second lane from the left and, and because the driver of the vehicle causing the accident was not complying with the lane, the left side of his vehicle collided with the right front side of the damaged vehicle as shown in the chart. The accident resulted in the passenger in the damaged vehicle being slightly injured and material damage to both vehicles. The accident was drawn","Wimpey intersection, inward",No,80,None,4
Abu Dhabi,Khaldiya Police Station,2013,April,17-04-13,Abu Dhabi,Internal road,1.0013E+11,17,Third week,Traffic accident with injuries,Not leaving enough space,1,Street Corniche(1),Street Corniche(1),Commercial area,Double road,day,clear,Dry,Not on Intersection,Rear collision,Jordan,Y,Driver,Driver's seat,Moderate,64,M,Male,64,Above 60,Apr,Arab States,Wednesday,15:45,PM,Above 60,1,Markaziya,Block 51-1,29,"5502.                  After examining and inspecting the accident's site, the following was noted: The three vehicles were traveling from the north towards the south and the vehicle causing the accident was traveling the middle lane at the rear and the first damaged vehicle was traveling in front of it, while the second damaged vehicle was traveling in front of the first damaged vehicle and due to the speed without taking into account the road conditions and not leaving enough distance between the vehicles while driving by the driver of the vehicle causing the accident, the front of his vehicle collided with the rear of the first damaged vehicle, then the first damaged vehicle drifted forward from the force of the impact and the front of the vehicle collided with the rear of the second damaged vehicle according to the picture in the chart. The accident resulted in injury to the driver, who caused the accident, and material damage to the vehicles.","Corniche, opposite the Abu Dhabi Chamber of Commerce and Industry, in the direction of Al Kasir",Yes,60,None,3
Abu Dhabi,Khaldiya Police Station,2013,April,17-04-13,Abu Dhabi,Internal road,1.0013E+11,17,Third week,Traffic accident with injuries,Speedy without taking road conditions into account,1,Rashed Bin Saeed Al-Maktoum Street (2),Rashed Bin Saeed Al-Maktoum Street (2),Residential area,Single road,night - enough lights,clear,Dry,Not on Intersection,Person run over,UAE,N,Pedestrian,No passenger,Severe,12,M,Male,12,8 to 17 years,Apr,UAE,Wednesday,18:50,PM,Below 18 years,1,Mushrif,Block 19-2,14,"5503.                  After examining and inspecting the accident's site, the following was noted: The driver of the causing vehicle was coming from south towards north and taking the second lane from the right on a side street near a residential area and a family park. When approaching the park gate, the driver was surprised by the exit of a child from the left side of his vehicle from the park while he was running, and due to the overspeed without taking into account the road conditions by the driver of the vehicle causing the accident, its driver ran over the child with the front left side of the vehicle and the child fell on the sidewalk and the vehicle stopped at the site of the accident","A side street in Al Mushrif area from Sheikh Rashid bin Saeed Street, opposite to Aman Kindergarten in a residential area",No,40,"Cross, there's no crosswalk",2
Abu Dhabi,Shaabiya Police Station,2013,April,19-04-13,Abu Dhabi,Internal road,1.0013E+11,19,Third week,Traffic accident with injuries,Bypassing the red traffic light,1,Rashed bin Saeed Al-Maktoum intersection - Street 29 IP76,Rashed bin Saeed Al-Maktoum intersection - Street 29 IP76,Govt. authority,Intersection,night - enough lights,clear,Dry,Perpendicular Intersection,Perpendicular collision,UAE,Y,Passenger,Back passenger seat,Minor,45,F,Female,45,31 to 45 years,Apr,UAE,Friday,22:00,PM,31 to 45 years,1,Mushrif,Block 24-2,188,"5504.                  After examining and inspecting the accident's site, the following was noted: The vehicle causing the accident was coming from the east towards the west, turning towards the south and taking the first lane from the left, and the damaged vehicle was coming from the west towards the east and taking the second lane from the left, and because of the bypassing the red light signal by the vehicle causing the accident, the front of the damaged vehicle hit the vehicle causing the accident. The accident resulted in an injury to the passenger and the driver of the damaged vehicle, as well as material damage to the vehicles. The accident was drawn.",Pepsi intersection,Yes,80,None,4
Abu Dhabi,Shaabiya Police Station,2013,April,20-04-13,Abu Dhabi,Internal road,1.0013E+11,20,Third week,Traffic accident with injuries,Bypassing the red traffic light,1,IP11A Street Salam (IntersectionFood Control Agency),IP11A Street Salam (IntersectionFood Control Agency),Govt. authority,Intersection,day,clear,Dry,Perpendicular Intersection,Perpendicular collision,India,N,Driver,Driver's seat,Moderate,31,M,Male,31,31 to 45 years,Apr,Asian States,Saturday,10:28,AM,31 to 45 years,1,Madinat Zayed (Abu Dhabi),Block 54-1,145,"5505.                  After examining and inspecting the accident's site, the following was noted: The vehicle causing the accident was coming from the west direction towards the east and turned left towards the north, and the two damaged vehicles were coming from the east direction towards the west, and while the vehicles were traveling and entering the intersection, and because of the red traffic light bypassing by the driver of the vehicle causing the accident, the front side of the vehicle hit the right side of the damaged vehicle and from the force of the collision the vehicle causing the accident drifted and hit the front of the second damaged vehicle on the right side of the vehicle causing the accident and the first damaged vehicle stopped while the two vehicles causing the accident and the second damaged vehicle settled after the intersection and accordingly the accident was planned drawn",Food Control Center intersection,No,60,None,4
Abu Dhabi,Shaabiya Police Station,2013,April,21-04-13,Abu Dhabi,Internal road,1.0013E+11,21,Third week,Traffic accident with injuries,Bypassing the red traffic light,1,IP40 IntersectionRashed Bin Saeed Al-Maktoum - Street 35,IP40 IntersectionRashed Bin Saeed Al-Maktoum - Street 35,Fuel Station,Intersection,night - enough lights,clear,Dry,Perpendicular Intersection,Perpendicular collision,Pakistan,Y,Passenger,Front passenger seat,Minor,27,M,Male,27,18 to 30 years,Apr,Asian States,Sunday,1:16,PM,18 to 30 years,1,Airport,Block 27-1,189,"5506.                  After examining and inspecting the accident's site, the following was noted: While the damaged vehicle was coming from the east to the west, taking the far-left lane, and the vehicle causing the accident coming from the west and turning to the north, taking the U-turn turn on the far-left lane, and because of bypassing the red light, fatigue, and sleepiness by the driver of the causing vehicle, the front side of the damaged vehicle hit the right side of the causing vehicle. The accident resulted in the injury of the driver of the vehicle causing the accident, the driver of the damaged vehicle and the passenger in the vehicle causing the accident. ",Sheikh Rashid bin Saeed Street with Wimpey intersection,Yes,60,None,3
Abu Dhabi,Shaabiya Police Station,2013,April,21-04-13,Abu Dhabi,Internal road,1.0013E+11,21,Third week,Traffic accident with injuries,Bypassing the red traffic light,1,IP40 IntersectionRashed Bin Saeed Al-Maktoum - Street 35,IP40 IntersectionRashed Bin Saeed Al-Maktoum - Street 35,Fuel Station,Intersection,night - enough lights,clear,Dry,Perpendicular Intersection,Perpendicular collision,Pakistan,Y,Driver,Driver's seat,Minor,38,M,Male,38,31 to 45 years,Apr,Asian States,Sunday,1:16,PM,31 to 45 years,1,Airport,Block 27-1,189,"5507.                  After examining and inspecting the accident's site, the following was noted: While the damaged vehicle was coming from the east to the west, taking the far-left lane, and the vehicle causing the accident coming from the west and turning to the north, taking the U-turn turn on the far-left lane, and because of bypassing the red light, fatigue, and sleepiness by the driver of the causing vehicle, the front side of the damaged vehicle hit the right side of the causing vehicle. The accident resulted in the injury of the driver of the vehicle causing the accident, the driver of the damaged vehicle and the passenger in the vehicle causing the accident. ",Sheikh Rashid bin Saeed Street with Wimpey intersection,Yes,60,None,3
Abu Dhabi,Shaabiya Police Station,2013,April,21-04-13,Abu Dhabi,Internal road,1.0013E+11,21,Third week,Traffic accident with injuries,Bypassing the red traffic light,1,IP40 IntersectionRashed Bin Saeed Al-Maktoum - Street 35,IP40 IntersectionRashed Bin Saeed Al-Maktoum - Street 35,Fuel Station,Intersection,night - enough lights,clear,Dry,Perpendicular Intersection,Perpendicular collision,UAE,Y,Driver,Driver's seat,Moderate,27,M,Male,27,18 to 30 years,Apr,UAE,Sunday,1:16,PM,18 to 30 years,1,Airport,Block 27-1,189,"5508.                  After examining and inspecting the accident's site, the following was noted: While the damaged vehicle was coming from the east to the west, taking the far-left lane, and the vehicle causing the accident coming from the west and turning to the north, taking the U-turn turn on the far-left lane, and because of bypassing the red light, fatigue, and sleepiness by the driver of the causing vehicle, the front side of the damaged vehicle hit the right side of the causing vehicle. The accident resulted in the injury of the driver of the vehicle causing the accident, the driver of the damaged vehicle and the passenger in the vehicle causing the accident. ",Sheikh Rashid bin Saeed Street with Wimpey intersection,Yes,60,None,3
Abu Dhabi,Shaabiya Police Station,2013,April,21-04-13,Abu Dhabi,Internal road,1.0013E+11,21,Third week,Traffic accident with injuries,under influence of intoxicant or narcotic drug,1,Street Falah(9),Street Falah(9),Bridge / Tunnel,Bridge /  Tunnel,night - enough lights,clear,Dry,Not on Intersection,Hitting a stationary object on the road,UAE,N,Driver,Driver's seat,Minor,35,M,Male,35,31 to 45 years,Apr,UAE,Sunday,2:17,PM,31 to 45 years,1,Qasr Al Bahar,Block 75-1,24,"5509.                  After examining and inspecting the accident's site, the following was noted: The vehicle causing the accident was coming from the east towards the west, turning towards the south and taking the first lane from the left, and the damaged vehicle was coming from the west towards the east and taking the second lane from the left, and because of the bypassing the red light signal by the vehicle causing the accident, the front of the damaged vehicle hit the vehicle causing the accident. The accident resulted in an injury to the passenger and the driver of the damaged vehicle, as well as material damage to the vehicles. The accident was drawn.",Al Reem Island Bridge,No,80,None,2
Abu Dhabi,Shaabiya Police Station,2013,April,21-04-13,Abu Dhabi,Internal road,1.0013E+11,21,Third week,Traffic accident with injuries,Bypassing the red traffic light,1,Al Sharqi intersection (Muroor) - Mohamed bin Khalifa IP49A,Al Sharqi intersection (Muroor) - Mohamed bin Khalifa IP49A,Commercial area,Intersection,night - enough lights,clear,Dry,Perpendicular Intersection,Perpendicular collision,Philippines,N,Passenger,Back passenger seat,Minor,30,F,Female,30,18 to 30 years,Apr,Asian States,Sunday,5:05,PM,18 to 30 years,1,Al Wahda,Block 17-1,174,"5510.                  After examining and inspecting the accident's site, the following was noted: The vehicle causing the accident was coming from the east towards the west and wanted to turn left and take the left lane, and the damaged vehicle was coming from the west towards the east and taking the middle lane, and because of bypassing the red light by the driver causing the accident, the front side of the damaged vehicle collided with the right side of the vehicle that caused the accident, the accident resulted in injury to the driver who caused the accident and the injured driver, as well as 2 passengers accompanying the injured driver and material damage to the vehicles. According to the scheme, the accident occurred",The intersection of Al-Ittihad newspaper,No,60,None,4
Abu Dhabi,Shaabiya Police Station,2013,April,21-04-13,Abu Dhabi,Internal road,1.0013E+11,21,Third week,Traffic accident with injuries,Bypassing the red traffic light,1,Al Sharqi intersection (Muroor) - Mohamed bin Khalifa IP49A,Al Sharqi intersection (Muroor) - Mohamed bin Khalifa IP49A,Commercial area,Intersection,night - enough lights,clear,Dry,Perpendicular Intersection,Perpendicular collision,Philippines,N,Passenger,Back passenger seat,Minor,26,F,Female,26,18 to 30 years,Apr,Asian States,Sunday,5:05,PM,18 to 30 years,1,Al Wahda,Block 17-1,174,"5511.                  After examining and inspecting the accident's site, the following was noted: The vehicle causing the accident was coming from the east towards the west and wanted to turn left and take the left lane, and the damaged vehicle was coming from the west towards the east and taking the middle lane, and because of bypassing the red light by the driver causing the accident, the front side of the damaged vehicle collided with the right side of the vehicle that caused the accident, the accident resulted in injury to the driver who caused the accident and the injured driver, as well as 2 passengers accompanying the injured driver and material damage to the vehicles. According to the scheme, the accident occurred",The intersection of Al-Ittihad newspaper,No,60,None,4
Abu Dhabi,Shaabiya Police Station,2013,April,21-04-13,Abu Dhabi,Internal road,1.0013E+11,21,Third week,Traffic accident with injuries,Bypassing the red traffic light,1,Al Sharqi intersection (Muroor) - Mohamed bin Khalifa IP49A,Al Sharqi intersection (Muroor) - Mohamed bin Khalifa IP49A,Commercial area,Intersection,night - enough lights,clear,Dry,Perpendicular Intersection,Perpendicular collision,India,Y,Driver,Driver's seat,Minor,35,M,Male,35,31 to 45 years,Apr,Asian States,Sunday,5:05,PM,31 to 45 years,1,Al Wahda,Block 17-1,174,"5512.                  After examining and inspecting the accident's site, the following was noted: The vehicle causing the accident was coming from the east towards the west and wanted to turn left and take the left lane, and the damaged vehicle was coming from the west towards the east and taking the middle lane, and because of bypassing the red light by the driver causing the accident, the front side of the damaged vehicle collided with the right side of the vehicle that caused the accident, the accident resulted in injury to the driver who caused the accident and the injured driver, as well as 2 passengers accompanying the injured driver and material damage to the vehicles. According to the scheme, the accident occurred",The intersection of Al-Ittihad newspaper,Yes,60,None,4
Abu Dhabi,Shaabiya Police Station,2013,April,21-04-13,Abu Dhabi,Internal road,1.0013E+11,21,Third week,Traffic accident with injuries,Bypassing the red traffic light,1,Al Sharqi intersection (Muroor) - Mohamed bin Khalifa IP49A,Al Sharqi intersection (Muroor) - Mohamed bin Khalifa IP49A,Commercial area,Intersection,night - enough lights,clear,Dry,Perpendicular Intersection,Perpendicular collision,Pakistan,Y,Driver,Driver's seat,Minor,41,M,Male,41,31 to 45 years,Apr,Asian States,Sunday,5:05,PM,31 to 45 years,1,Al Wahda,Block 17-1,174,"5513.                  After examining and inspecting the accident's site, the following was noted: The vehicle causing the accident was coming from the east towards the west and wanted to turn left and take the left lane, and the damaged vehicle was coming from the west towards the east and taking the middle lane, and because of bypassing the red light by the driver causing the accident, the front side of the damaged vehicle collided with the right side of the vehicle that caused the accident, the accident resulted in injury to the driver who caused the accident and the injured driver, as well as 2 passengers accompanying the injured driver and material damage to the vehicles. According to the scheme, the accident occurred",The intersection of Al-Ittihad newspaper,Yes,60,None,4
Abu Dhabi,Shaabiya Police Station,2013,April,22-04-13,Abu Dhabi,Internal road,1.0013E+11,22,Fourth week,Traffic accident with injuries,Not observing the stop sign,1,Street Falah(9),Street Falah(9),Commercial area,Intersection,day,clear,Dry,Perpendicular Intersection,Perpendicular collision,Saudi Arabia,N,Driver,Driver's seat,Moderate,27,M,Male,27,18 to 30 years,Apr,GCC,Monday,11:10,AM,18 to 30 years,1,Madinat Zayed (Abu Dhabi),Block 54-1,24,"5514.                  After examining and inspecting the accident's site, the following was noted: While the vehicle causing the accident was coming from the south towards the north and taking the right lane towards the intersection on a side street and because of the failure to comply with the ""stop"" sign while entering the intersection, at the same time the damaged motorcycle was coming from the east towards the west on the right lane, he was surprised by the vehicle causing the accident in front of him blocking the road and colliding with its right front side of the vehicle, and this led to the motorcyclist rushing due to the force of the collision to the windshield of the vehicle and then fell on the main road, according to the plan the accident occurred","Madinat Zayed Street off Al Falah, near Abu Dhabi Distribution",No,40,None,2
Abu Dhabi,Shaabiya Police Station,2013,April,22-04-13,Abu Dhabi,Internal road,1.0013E+11,22,Fourth week,Traffic accident with injuries,Bypassing the red traffic light,1,IP75D IntersectionAl Sharqi (Muroor) - Street 31,IP75D IntersectionAl Sharqi (Muroor) - Street 31,Commercial area,Intersection,day,clear,Dry,Perpendicular Intersection,Perpendicular collision,Yemen,Y,Driver,Driver's seat,Minor,29,M,Male,29,18 to 30 years,Apr,GCC,Monday,12:45,PM,18 to 30 years,1,Hadbat Al Zafaran,Block 25-1,186,"5515.                  After examining and inspecting the accident's site, the following was noted: While the vehicle causing the accident was coming from the east towards the west, turning towards the south inside the intersection and taking the far left lane, and upon the arrival of the two damaged vehicles from the west towards the east, where the first vehicle was taking the second lane from the right and the second vehicle was taking the second lane from the left, and due to bypassing the red light by the vehicle causing the accident, the front side of the two damaged vehicles collided with the right rear side of the vehicle causing the accident. According to the scheme, the accident occurred",Currently Jamiya intersection (formerly Al-Haraj),Yes,80,None,4
Abu Dhabi,Shaabiya Police Station,2013,April,23-04-13,Abu Dhabi,Internal road,1.0013E+11,23,Fourth week,Traffic accident with injuries,Misuse of traffic,1,Street Baniyas (Najda)(6),Street Baniyas (Najda)(6),Hospital,Two-way road,night - enough lights,clear,Dry,Not on Intersection,Person run over,India,N,Pedestrian,No passenger,Moderate,9,M,Male,9,8 to 17 years,Apr,Asian States,Tuesday,20:20,PM,Below 18 years,1,Madinat Zayed (Abu Dhabi),Block 54-1,17,"5516.                  After examining and inspecting the accident's site, the following was noted: While the vehicle causing the accident was coming from the east to the west, and turning towards the north on a two-way side street, and where the runover person was crossing the road from the west towards the east, due to the misuse of traffic by the driver of the vehicle causing the accident and the runover person crossing from a place not designated for pedestrian crossing, the runover person collided with the front side of the vehicle causing the accident, and according to the chart, the accident occurred.","Najda Street, near Dar Al Shifa Hospital",No,40,"Cross, there's no crosswalk",2
Abu Dhabi,Khaldiya Police Station,2013,April,24-04-13,Abu Dhabi,Internal road,1.0013E+11,24,Fourth week,Traffic accident with injuries,Fatigue and drowsiness,1,Khalifa Bin Shakhbout Street (28),Khalifa Bin Shakhbout Street (28),Residential area,Double road,day,clear,Dry,Roundabout,Rear collision,Indonesia,N,Passenger,Back passenger seat,Death,36,F,Female,36,31 to 45 years,Apr,Asian States,Wednesday,14:40,PM,31 to 45 years,1,Not Identified,Not Identified,18,"5517.                  After examining and inspecting the accident's site, the following was noted: The vehicles were coming from the east towards the west, and the damaged vehicles were stopping and waiting in front of the roundabout, and the vehicle causing the accident was traveling on the left lane, and due to fatigue and tiredness by the driver causing the accident, he did not see the damaged vehicles stopping, so the front side of the vehicle causing the accident collided at the rear of the first damaged vehicle and from the force of the collision the first damaged vehicle rushed and its front collided with the rear of the second damaged vehicle and on the right side of the third damaged vehicle and the vehicles settled, and accordingly the accident was planned as shown.",Crown Prince Palace Roundabout,No,60,None,3
Abu Dhabi,Khaldiya Police Station,2013,April,24-04-13,Abu Dhabi,Internal road,1.0013E+11,24,Fourth week,Traffic accident with injuries,Fatigue and drowsiness,1,Khalifa Bin Shakhbout Street (28),Khalifa Bin Shakhbout Street (28),Residential area,Double road,day,clear,Dry,Roundabout,Rear collision,Morocco,Y,Driver,Driver's seat,Minor,25,F,Female,25,18 to 30 years,Apr,Arab States,Wednesday,14:40,PM,18 to 30 years,1,Not Identified,Not Identified,18,"5518.                  After examining and inspecting the accident's site, the following was noted: The vehicles were coming from the east towards the west, and the damaged vehicles were stopping and waiting in front of the roundabout, and the vehicle causing the accident was traveling on the left lane, and due to fatigue and tiredness by the driver causing the accident, he did not see the damaged vehicles stopping, so the front side of the vehicle causing the accident collided at the rear of the first damaged vehicle and from the force of the collision the first damaged vehicle rushed and its front collided with the rear of the second damaged vehicle and on the right side of the third damaged vehicle and the vehicles settled, and accordingly the accident was planned as shown.",Crown Prince Palace Roundabout,Yes,60,None,3
Abu Dhabi,Khaldiya Police Station,2013,April,24-04-13,Abu Dhabi,Internal road,1.0013E+11,24,Fourth week,Traffic accident with injuries,Fatigue and drowsiness,1,Khalifa Bin Shakhbout Street (28),Khalifa Bin Shakhbout Street (28),Residential area,Double road,day,clear,Dry,Roundabout,Rear collision,UAE,N,Passenger,Back passenger seat,Minor,14,F,Female,14,8 to 17 years,Apr,UAE,Wednesday,14:40,PM,Below 18 years,1,Not Identified,Not Identified,18,"5519.                  After examining and inspecting the accident's site, the following was noted: The vehicles were coming from the east towards the west, and the damaged vehicles were stopping and waiting in front of the roundabout, and the vehicle causing the accident was traveling on the left lane, and due to fatigue and tiredness by the driver causing the accident, he did not see the damaged vehicles stopping, so the front side of the vehicle causing the accident collided at the rear of the first damaged vehicle and from the force of the collision the first damaged vehicle rushed and its front collided with the rear of the second damaged vehicle and on the right side of the third damaged vehicle and the vehicles settled, and accordingly the accident was planned as shown.",Crown Prince Palace Roundabout,No,60,None,3