Emirate,Police Station,Year,Month,Date,City,Road,Report Number,Day,Week,Report type,Reasons,Computed,Streets,Street,Place,Location,lighting,Weather,Road surface,Intersection,Accident Type,Nationalities,Seat Belt,Injured person position,Injured person's seat,Degree of the injury,Age of the injured,Gender,Gender of the injured,Inp Age,Age Group,Date - Month,Nationality of the Injured person,Day,Iac Rep Time,Time,Age Group - Ministry,Computed2,Area,Block,Str Code,Accident Description,Location,Fasten seat belt,Road speed limit,Pedestrian action,Number of Lanes
Abu Dhabi,Khaldiya Police Station,2013,May,07-05-13,Abu Dhabi,Internal road,1.0013E+11,7,First week,Traffic accident with injuries,Bypassing the red traffic light,1,IP6A Zayed Al Awal,IP6A Zayed Al Awal,Govt. authority,Intersection,day,clear,Dry,Perpendicular Intersection,Perpendicular collision,Jordan,Y,Driver,Driver's seat,Minor,35,F,Female,35,31 to 45 years,May,Arab States,Tuesday,6:22,AM,31 to 45 years,1,Al Khabira,Block 93-2,95,"5545.                  After examining and inspecting the accident's site, the following was noted: While the vehicle causing the accident was coming from the west towards the east and taking the far-right lane and in the middle of the General Command intersection, and when it reached the traffic light and crossed the red traffic light, this coincided with the entry of the damaged vehicle from the south towards the east. The vehicles collided and the damaged vehicle drifted from the collision and hit a traffic light pole and stopped there, just as the causing vehicle stopped in the middle of the intersection. The location of the accident was revealed, and the necessary measures were taken, according to the plan, the accident occurred","Zayed Al Awal Street, Khubeirah Area, First Gulf Bank intersection",Yes,60,None,4
Abu Dhabi,Khaldiya Police Station,2013,May,09-05-13,Abu Dhabi,Internal road,1.0013E+11,9,Second week,Traffic accident with injuries,Ignoring road lane,1,Street Arabian Gulf(30),Street Arabian Gulf(30),Govt. authority,Highway,night - enough lights,clear,Dry,Not on Intersection,Hitting a stationary object off the road,South Africa,Y,Passenger,Back passenger seat,Minor,30,M,Male,30,18 to 30 years,May,Other,Thursday,4:30,PM,18 to 30 years,1,Mushrif,Block 40-2,16,"5546.                  After examining and inspecting the accident's site, the following was noted: While the vehicle causing the accident was coming from the west towards the east and taking the far-right lane and in the middle of the General Command intersection, and when it reached the traffic light and crossed the red traffic light, this coincided with the entry of the damaged vehicle from the south towards the east. The vehicles collided and the damaged vehicle drifted from the collision and hit a traffic light pole and stopped there, just as the causing vehicle stopped in the middle of the intersection. The location of the accident was revealed, and the necessary measures were taken, according to the plan, the accident occurred","Arabian Gulf Street, in front of the Armed Forces Club",Yes,100,None,6
Abu Dhabi,Khaldiya Police Station,2013,May,09-05-13,Abu Dhabi,Internal road,1.0013E+11,9,Second week,Traffic accident with injuries,Bypassing the red traffic light,1,IP4 IntersectionZayed Al Awal - Street 26,IP4 IntersectionZayed Al Awal - Street 26,Commercial area,Intersection,day,clear,Dry,Perpendicular Intersection,Perpendicular collision,India,N,Driver,Driver's seat,Severe,58,M,Male,58,46 to 60 years,May,Asian States,Thursday,7:26,AM,46 to 60 years,1,Khaldiya,Block 53-2,92,"5547.                  After examining and inspecting the accident's site, the following was noted: While the vehicle causing the accident was coming from the west towards the east and taking the far-right lane and in the middle of the General Command intersection, and when it reached the traffic light and crossed the red traffic light, this coincided with the entry of the damaged vehicle from the south towards the east. The vehicles collided and the damaged vehicle drifted from the collision and hit a traffic light pole and stopped there, just as the causing vehicle stopped in the middle of the intersection. The location of the accident was revealed, and the necessary measures were taken, according to the plan, the accident occurred","Zayed Al Awal Street, Al Khalidiya Area, inward",No,60,None,
Abu Dhabi,Khaldiya Police Station,2013,May,09-05-13,Abu Dhabi,Internal road,1.0013E+11,9,Second week,Traffic accident with injuries,Bypassing the red traffic light,1,IP72 IntersectionAl Saada - Karama,IP72 IntersectionAl Saada - Karama,Govt. authority,Intersection,day,clear,Dry,Perpendicular Intersection,Perpendicular collision,Pakistan,Y,Driver,Driver's seat,Minor,39,M,Male,39,31 to 45 years,May,Asian States,Thursday,11:15,AM,31 to 45 years,1,Mushrif,Block 38-2,132,"5548.                  After examining and inspecting the accident's site, the following was noted: While the vehicle causing the accident was coming from the west towards the east and taking the far-right lane and in the middle of the General Command intersection, and when it reached the traffic light and crossed the red traffic light, this coincided with the entry of the damaged vehicle from the south towards the east. The vehicles collided and the damaged vehicle drifted from the collision and hit a traffic light pole and stopped there, just as the causing vehicle stopped in the middle of the intersection. The location of the accident was revealed, and the necessary measures were taken, according to the plan, the accident occurred",Women's Union intersection,Yes,60,None,3
Abu Dhabi,Shaabiya Police Station,2013,May,09-05-13,Abu Dhabi,Internal road,1.0013E+11,9,Second week,Traffic accident with injuries,Ignoring road lane,1,IP43IntersectionRashed Bin Saeed Al Maktoum-Hazaa Bin Zayed Al Awal,IP43IntersectionRashed Bin Saeed Al Maktoum-Hazaa Bin Zayed Al Awal,Commercial area,Intersection,day,clear,Dry,Perpendicular Intersection,Side collision,India,Y,Driver,Driver's seat,Moderate,24,M,Male,24,18 to 30 years,May,Asian States,Thursday,12:54,PM,18 to 30 years,1,Dhafra (Abu Dhabi),Block 15-2,163,"5549.                  After examining and inspecting the accident's site, the following was noted: The vehicle causing the accident was coming from the west towards the east and taking the second lane from the right, and the damaged vehicle was coming from the west towards the east and taking the far-right lane, and because of the failure to abide to the driving line by the driver of the vehicle causing the accident, the rear right side of the causing vehicle collided with the left side of the damaged vehicle. The accident resulted in injuries to the driver of the damaged vehicle and the passenger, as well as material damage to the vehicles. According to the plan, the accident was planned.",Al Wahda Mall intersection,Yes,60,None,4
Abu Dhabi,Shaabiya Police Station,2013,May,09-05-13,Abu Dhabi,Internal road,1.0013E+11,9,Second week,Traffic accident with injuries,Ignoring road lane,1,IP43IntersectionRashed Bin Saeed Al Maktoum-Hazaa Bin Zayed Al Awal,IP43IntersectionRashed Bin Saeed Al Maktoum-Hazaa Bin Zayed Al Awal,Commercial area,Intersection,day,clear,Dry,Perpendicular Intersection,Side collision,India,Y,Passenger,Back passenger seat,Minor,26,M,Male,26,18 to 30 years,May,Asian States,Thursday,12:54,PM,18 to 30 years,1,Dhafra (Abu Dhabi),Block 15-2,163,"5550.                  After examining and inspecting the accident's site, the following was noted: The vehicle causing the accident was coming from the west towards the east and taking the second lane from the right, and the damaged vehicle was coming from the west towards the east and taking the far-right lane, and because of the failure to abide to the driving line by the driver of the vehicle causing the accident, the rear right side of the causing vehicle collided with the left side of the damaged vehicle. The accident resulted in injuries to the driver of the damaged vehicle and the passenger, as well as material damage to the vehicles. According to the plan, the accident was planned.",Al Wahda Mall intersection,Yes,60,None,4
Abu Dhabi,Khaldiya Police Station,2013,May,09-05-13,Abu Dhabi,Internal road,1.0013E+11,9,Second week,Traffic accident with injuries,Sudden deviation,1,Street Bainunah(34),Street Bainunah(34),Residential area,Double road,night - enough lights,clear,Dry,Not on Intersection,Perpendicular collision,UAE,Y,Passenger,Front passenger seat,Minor,21,M,Male,21,18 to 30 years,May,UAE,Thursday,23:00,PM,18 to 30 years,1,Al Butain,Block 94-2,19,"5551.                  After examining and inspecting the accident's site, the following was noted: the vehicle causing the accident came from the east towards the west, as it was taking the second lane from the left, and due to the sudden deviation by the driver of the causing vehicle, the vehicle drifted and collided with the pavement. Then it collided with the base of the lamppost and then hit a water tank and then settled. The accident resulted in material damage to the vehicle, damage to state property, and minor injury to the driver and the passenger with him, and according to the scheme, the accident occurred","Bainunah Street, inward, Al Bateen Area",Yes,60,None,
Abu Dhabi,Khaldiya Police Station,2013,May,09-05-13,Abu Dhabi,Internal road,1.0013E+11,9,Second week,Traffic accident with injuries,Sudden deviation,1,Street Bainunah(34),Street Bainunah(34),Residential area,Double road,night - enough lights,clear,Dry,Not on Intersection,Perpendicular collision,UAE,Y,Driver,Driver's seat,Minor,22,M,Male,22,18 to 30 years,May,UAE,Thursday,23:00,PM,18 to 30 years,1,Al Butain,Block 94-2,19,"5552.                  After examining and inspecting the accident's site, the following was noted: the vehicle causing the accident came from the east towards the west, as it was taking the second lane from the left, and due to the sudden deviation by the driver of the causing vehicle, the vehicle drifted and collided with the pavement. Then it collided with the base of the lamppost and then hit a water tank and then settled. The accident resulted in material damage to the vehicle, damage to state property, and minor injury to the driver and the passenger with him, and according to the scheme, the accident occurred","Bainunah Street, inward, Al Bateen Area",Yes,60,None,
Abu Dhabi,Khaldiya Police Station,2013,May,10-05-13,Abu Dhabi,Internal road,1.0013E+11,10,Second week,Traffic accident with injuries,Ignoring road lane,1,IP79 IntersectionAl Saada - Khalifa Bin Shakhbout,IP79 IntersectionAl Saada - Khalifa Bin Shakhbout,Residential area,Intersection,day,clear,Dry,Perpendicular Intersection,Hitting a stationary object on the road,Syria,N,Passenger,Front passenger seat,Minor,38,F,Female,38,31 to 45 years,May,Arab States,Friday,11:45,AM,31 to 45 years,1,Mushrif,Block 59-2,133,"5553.                  After examining and inspecting the accident's site, the following was noted: the vehicle causing the accident came from the east towards the west, as it was taking the second lane from the left, and due to the sudden deviation by the driver of the causing vehicle, the vehicle drifted and collided with the pavement. Then it collided with the base of the lamppost and then hit a water tank and then settled. The accident resulted in material damage to the vehicle, damage to state property, and minor injury to the driver and the passenger with him, and according to the scheme, the accident occurred","Mushrif area, Sheikh Saif Street",No,60,None,3
Abu Dhabi,Khaldiya Police Station,2013,May,10-05-13,Abu Dhabi,Internal road,1.0013E+11,10,Second week,Traffic accident with injuries,Bypassing the red traffic light,1,IP6A Zayed Al Awal,IP6A Zayed Al Awal,Commercial area,Intersection,day,clear,Dry,Perpendicular Intersection,Perpendicular collision,Pakistan,Y,Driver,Driver's seat,Minor,26,M,Male,26,18 to 30 years,May,Asian States,Friday,15:20,PM,18 to 30 years,1,Al Khabira,Block 93-2,95,"5554.                  After examining and inspecting the accident's site, the following was noted: the vehicle causing the accident came from the east towards the west, as it was taking the second lane from the left, and due to the sudden deviation by the driver of the causing vehicle, the vehicle drifted and collided with the pavement. Then it collided with the base of the lamppost and then hit a water tank and then settled. The accident resulted in material damage to the vehicle, damage to state property, and minor injury to the driver and the passenger with him, and according to the scheme, the accident occurred",Intersection of First Gulf Bank,Yes,60,None,4
Abu Dhabi,Khaldiya Police Station,2013,May,10-05-13,Abu Dhabi,Internal road,1.0013E+11,10,Second week,Traffic accident with injuries,Bypassing the red traffic light,1,IP6A Zayed Al Awal,IP6A Zayed Al Awal,Commercial area,Intersection,day,clear,Dry,Perpendicular Intersection,Perpendicular collision,Syria,Y,Passenger,Front passenger seat,Minor,29,M,Male,29,18 to 30 years,May,Arab States,Friday,15:20,PM,18 to 30 years,1,Al Khabira,Block 93-2,95,"5555.                  After examining and inspecting the accident's site, the following was noted: the vehicle causing the accident came from the east towards the west, as it was taking the second lane from the left, and due to the sudden deviation by the driver of the causing vehicle, the vehicle drifted and collided with the pavement. Then it collided with the base of the lamppost and then hit a water tank and then settled. The accident resulted in material damage to the vehicle, damage to state property, and minor injury to the driver and the passenger with him, and according to the scheme, the accident occurred",Intersection of First Gulf Bank,Yes,60,None,4
Abu Dhabi,Shaabiya Police Station,2013,May,11-05-13,Abu Dhabi,Internal road,1.0013E+11,11,Second week,Traffic accident with injuries,Speedy without taking road conditions into account,1,Rashed Bin Saeed Al-Maktoum Street (2),Rashed Bin Saeed Al-Maktoum Street (2),Mosque,Bridge /  Tunnel,day,clear,Dry,Not on Intersection,Side collision,Egypt,Y,Passenger,Back passenger seat,Severe,6,F,Female,6,1 to 7 years,May,Arab States,Saturday,15:00,PM,Below 18 years,1,Airport,Block 29-1,14,"5556.                  After examining and inspecting the accident's site, the following was noted: The first vehicle causing the accident was coming from Rashid bin Saeed Street across the bridge, it was traveling in the right lane and was heading towards Arabian Gulf Street, while the second vehicle causing the accident was coming from Sharqi Ring Street and taking the left lane of the street and was traveling behind a Toyota Prado car, and while it was moving, the driver bypassed from the right side of that vehicle and during that the driver of the first vehicle causing the accident tried to change his lane from the right to the center, and this coincided with the arrival of the second vehicle causing the accident and the front left side collided of with the rear right side of the second causing vehicle. As a result, the second vehicle turned around and collided with the grass strip separating the road and then collided again with the front side of the first vehicle on the left side of the second vehicle, which led to its rush to the far right and settled next to the bridge while the first vehicle lost balance and overturned on its right side, the accident resulted in injuries and damage to state property and vehicles, and so the accident occurred.","The extension of Al Sharqi ring road above the bridge leading to Gulf Street, before Sheikh Zayed Mosque",Yes,60,None,2
Abu Dhabi,Shaabiya Police Station,2013,May,11-05-13,Abu Dhabi,Internal road,1.0013E+11,11,Second week,Traffic accident with injuries,Speedy without taking road conditions into account,1,Rashed Bin Saeed Al-Maktoum Street (2),Rashed Bin Saeed Al-Maktoum Street (2),Mosque,Bridge /  Tunnel,day,clear,Dry,Not on Intersection,Side collision,Egypt,Y,Passenger,Front passenger seat,Minor,33,F,Female,33,31 to 45 years,May,Arab States,Saturday,15:00,PM,31 to 45 years,1,Airport,Block 29-1,14,"5557.                  After examining and inspecting the accident's site, the following was noted: The first vehicle causing the accident was coming from Rashid bin Saeed Street across the bridge, it was traveling in the right lane and was heading towards Arabian Gulf Street, while the second vehicle causing the accident was coming from Sharqi Ring Street and taking the left lane of the street and was traveling behind a Toyota Prado car, and while it was moving, the driver bypassed from the right side of that vehicle and during that the driver of the first vehicle causing the accident tried to change his lane from the right to the center, and this coincided with the arrival of the second vehicle causing the accident and the front left side collided of with the rear right side of the second causing vehicle. As a result, the second vehicle turned around and collided with the grass strip separating the road and then collided again with the front side of the first vehicle on the left side of the second vehicle, which led to its rush to the far right and settled next to the bridge while the first vehicle lost balance and overturned on its right side, the accident resulted in injuries and damage to state property and vehicles, and so the accident occurred.","The extension of the Sharqi ring road over the bridge leading to Al Khaleej Street, before the Sheikh Zayed Mosque",Yes,60,None,2
Abu Dhabi,Shaabiya Police Station,2013,May,11-05-13,Abu Dhabi,Internal road,1.0013E+11,11,Second week,Traffic accident with injuries,Speedy without taking road conditions into account,1,Rashed Bin Saeed Al-Maktoum Street (2),Rashed Bin Saeed Al-Maktoum Street (2),Mosque,Bridge /  Tunnel,day,clear,Dry,Not on Intersection,Side collision,Pakistan,Y,Driver,Driver's seat,Severe,53,M,Male,53,46 to 60 years,May,Asian States,Saturday,15:00,PM,46 to 60 years,1,Airport,Block 29-1,14,"5558.                  After examining and inspecting the accident's site, the following was noted: The first vehicle causing the accident was coming from Rashid bin Saeed Street across the bridge, it was traveling in the right lane and was heading towards Arabian Gulf Street, while the second vehicle causing the accident was coming from Sharqi Ring Street and taking the left lane of the street and was traveling behind a Toyota Prado car, and while it was moving, the driver bypassed from the right side of that vehicle and during that the driver of the first vehicle causing the accident tried to change his lane from the right to the center, and this coincided with the arrival of the second vehicle causing the accident and the front left side collided of with the rear right side of the second causing vehicle. As a result, the second vehicle turned around and collided with the grass strip separating the road and then collided again with the front side of the first vehicle on the left side of the second vehicle, which led to its rush to the far right and settled next to the bridge while the first vehicle lost balance and overturned on its right side, the accident resulted in injuries and damage to state property and vehicles, and so the accident occurred.","The extension of the Sharqi ring road over the bridge leading to Al Khaleej Street, before the Sheikh Zayed Mosque",Yes,60,None,2
Abu Dhabi,Shaabiya Police Station,2013,May,11-05-13,Abu Dhabi,Internal road,1.0013E+11,11,Second week,Traffic accident with injuries,Speedy without taking road conditions into account,1,Rashed Bin Saeed Al-Maktoum Street (2),Rashed Bin Saeed Al-Maktoum Street (2),Mosque,Bridge /  Tunnel,day,clear,Dry,Not on Intersection,Side collision,Egypt,Y,Driver,Driver's seat,Severe,35,M,Male,35,31 to 45 years,May,Arab States,Saturday,15:00,PM,31 to 45 years,1,Airport,Block 29-1,14,"5559.                  After examining and inspecting the accident's site, the following was noted: The first vehicle causing the accident was coming from Rashid bin Saeed Street across the bridge, it was traveling in the right lane and was heading towards Arabian Gulf Street, while the second vehicle causing the accident was coming from Sharqi Ring Street and taking the left lane of the street and was traveling behind a Toyota Prado car, and while it was moving, the driver bypassed from the right side of that vehicle and during that the driver of the first vehicle causing the accident tried to change his lane from the right to the center, and this coincided with the arrival of the second vehicle causing the accident and the front left side collided of with the rear right side of the second causing vehicle. As a result, the second vehicle turned around and collided with the grass strip separating the road and then collided again with the front side of the first vehicle on the left side of the second vehicle, which led to its rush to the far right and settled next to the bridge while the first vehicle lost balance and overturned on its right side, the accident resulted in injuries and damage to state property and vehicles, and so the accident occurred.","The extension of the Sharqi ring road over the bridge leading to Al Khaleej Street, before the Sheikh Zayed Mosque",Yes,60,None,2
Abu Dhabi,Khaldiya Police Station,2013,May,12-05-13,Abu Dhabi,Internal road,1.0013E+11,12,Second week,Traffic accident with injuries,Speedy without taking road conditions into account,1,Khalifa Bin Shakhbout Street (28),Khalifa Bin Shakhbout Street (28),Govt. authority,Double road,night - enough lights,clear,Dry,Roundabout,Hitting a stationary object on the road,Pakistan,Y,Driver,Driver's seat,Moderate,56,M,Male,56,46 to 60 years,May,Asian States,Sunday,4:30,PM,46 to 60 years,1,Rawdah,Block 56-2,18,"5560.                  After examining and inspecting the accident's site, the following was noted: the vehicle causing the accident came from the east towards the west, as it was taking the second lane from the left, and due to the sudden deviation by the driver of the causing vehicle, the vehicle drifted and collided with the pavement. Then it collided with the base of the lamppost and then hit a water tank and then settled. The accident resulted in material damage to the vehicle, damage to state property, and minor injury to the driver and the passenger with him, and according to the scheme, the accident occurred","Al Rawda Area, the intersection of Khalifa bin Shakhbout Street with Dalma Street, the French Embassy roundabout",Yes,60,None,3
Abu Dhabi,Shaabiya Police Station,2013,May,13-05-13,Abu Dhabi,Internal road,1.0013E+11,13,Second week,Traffic accident with injuries,Bypassing the red traffic light,1,Rashid Bin Saeed Al Maktoum intersection - Street IP28A 27,Rashid Bin Saeed Al Maktoum intersection - Street IP28A 27,Govt. authority,Intersection,day,clear,Dry,Perpendicular Intersection,Perpendicular collision,Morocco,Y,Passenger,Back passenger seat,Minor,26,M,Male,26,18 to 30 years,May,Arab States,Monday,9:29,AM,18 to 30 years,1,Mushrif,Block 23-2,187,"5561.                  After examining and inspecting the accident's site, the following was noted: While the vehicle causing the accident was coming from the east towards the west, turning towards the south inside the intersection and taking the second lane of the arrow, and upon the arrival of the damaged vehicle from the west towards the east, it was taking the right lane and due to bypassing red light signal by the vehicle causing the accident. The front side of the damaged vehicle hit the right side of the vehicle causing the accident, and according to the chart, the accident occurred",The intersection of Sheikh Rashid Bin Saeed Street with Street 27,Yes,60,None,4
Abu Dhabi,Shaabiya Police Station,2013,May,13-05-13,Abu Dhabi,Internal road,1.0013E+11,13,Second week,Traffic accident with injuries,Bypassing the red traffic light,1,Rashid Bin Saeed Al Maktoum intersection - Street IP28A 27,Rashid Bin Saeed Al Maktoum intersection - Street IP28A 27,Govt. authority,Intersection,day,clear,Dry,Perpendicular Intersection,Perpendicular collision,Egypt,Y,Passenger,Back passenger seat,Minor,28,M,Male,28,18 to 30 years,May,Arab States,Monday,9:29,AM,18 to 30 years,1,Mushrif,Block 23-2,187,"5562.                  After examining and inspecting the accident's site, the following was noted: While the vehicle causing the accident was coming from the east towards the west, turning towards the south inside the intersection and taking the second lane of the arrow, and upon the arrival of the damaged vehicle from the west towards the east, it was taking the right lane and due to bypassing red light signal by the vehicle causing the accident. The front side of the damaged vehicle hit the right side of the vehicle causing the accident, and according to the chart, the accident occurred",The intersection of Sheikh Rashid Bin Saeed Street with Street 27,Yes,60,None,4
Abu Dhabi,Shaabiya Police Station,2013,May,13-05-13,Abu Dhabi,Internal road,1.0013E+11,13,Second week,Traffic accident with injuries,Bypassing the red traffic light,1,Rashid Bin Saeed Al Maktoum intersection - Street IP28A 27,Rashid Bin Saeed Al Maktoum intersection - Street IP28A 27,Govt. authority,Intersection,day,clear,Dry,Perpendicular Intersection,Perpendicular collision,Romania,Y,Passenger,Back passenger seat,Minor,27,F,Female,27,18 to 30 years,May,Other,Monday,9:29,AM,18 to 30 years,1,Mushrif,Block 23-2,187,"5563.                  After examining and inspecting the accident's site, the following was noted: While the vehicle causing the accident was coming from the east towards the west, turning towards the south inside the intersection and taking the second lane of the arrow, and upon the arrival of the damaged vehicle from the west towards the east, it was taking the right lane and due to bypassing red light signal by the vehicle causing the accident. The front side of the damaged vehicle hit the right side of the vehicle causing the accident, and according to the chart, the accident occurred",The intersection of Sheikh Rashid Bin Saeed Street with Street 27,Yes,60,None,4
Abu Dhabi,Shaabiya Police Station,2013,May,13-05-13,Abu Dhabi,Internal road,1.0013E+11,13,Second week,Traffic accident with injuries,Bypassing the red traffic light,1,Rashid Bin Saeed Al Maktoum intersection - Street IP28A 27,Rashid Bin Saeed Al Maktoum intersection - Street IP28A 27,Govt. authority,Intersection,day,clear,Dry,Perpendicular Intersection,Perpendicular collision,Romania,Y,Passenger,Back passenger seat,Minor,30,F,Female,30,18 to 30 years,May,Other,Monday,9:29,AM,18 to 30 years,1,Mushrif,Block 23-2,187,"5564.                  After examining and inspecting the accident's site, the following was noted: While the vehicle causing the accident was coming from the east towards the west, turning towards the south inside the intersection and taking the second lane of the arrow, and upon the arrival of the damaged vehicle from the west towards the east, it was taking the right lane and due to bypassing red light signal by the vehicle causing the accident. The front side of the damaged vehicle hit the right side of the vehicle causing the accident, and according to the chart, the accident occurred",The intersection of Sheikh Rashid Bin Saeed Street with Street 27,Yes,60,None,4
Abu Dhabi,Shaabiya Police Station,2013,May,13-05-13,Abu Dhabi,Internal road,1.0013E+11,13,Second week,Traffic accident with injuries,Bypassing the red traffic light,1,Rashid Bin Saeed Al Maktoum intersection - Street IP28A 27,Rashid Bin Saeed Al Maktoum intersection - Street IP28A 27,Govt. authority,Intersection,day,clear,Dry,Perpendicular Intersection,Perpendicular collision,Pakistan,Y,Passenger,Back passenger seat,Minor,33,M,Male,33,31 to 45 years,May,Asian States,Monday,9:29,AM,31 to 45 years,1,Mushrif,Block 23-2,187,"5565.                  After examining and inspecting the accident's site, the following was noted: While the vehicle causing the accident was coming from the east towards the west, turning towards the south inside the intersection and taking the second lane of the arrow, and upon the arrival of the damaged vehicle from the west towards the east, it was taking the right lane and due to bypassing red light signal by the vehicle causing the accident. The front side of the damaged vehicle hit the right side of the vehicle causing the accident, and according to the chart, the accident occurred",The intersection of Sheikh Rashid Bin Saeed Street with Street 27,Yes,60,None,4
Abu Dhabi,Shaabiya Police Station,2013,May,13-05-13,Abu Dhabi,Internal road,1.0013E+11,13,Second week,Traffic accident with injuries,Bypassing the red traffic light,1,IP11A Street Salam (IntersectionFood Control Agency),IP11A Street Salam (IntersectionFood Control Agency),Commercial area,Intersection,day,clear,Dry,Perpendicular Intersection,Perpendicular collision,Pakistan,Y,Driver,Driver's seat,Minor,28,M,Male,28,18 to 30 years,May,Asian States,Monday,17:30,PM,18 to 30 years,1,Madinat Zayed (Abu Dhabi),Block 54-1,145,"5566.                  After examining and inspecting the accident's site, the following was noted: While the vehicle causing the accident was coming from the north towards the south and turning to the north and taking the first lane from the left and where the damaged vehicle was coming from the south towards the north and taking the third lane from the left and because of bypassing the red light signal by the vehicle causing the accident, the front left side of the damaged vehicle collided with the front right side of the vehicle causing the accident. The accident resulted in the injury of the driver of the vehicle causing the accident and two passengers in the damaged vehicle. Material damage was also caused to vehicles, and according to the plan, the accident was planned.",Indian Palace intersection,Yes,60,None,4
Abu Dhabi,Shaabiya Police Station,2013,May,13-05-13,Abu Dhabi,Internal road,1.0013E+11,13,Second week,Traffic accident with injuries,Bypassing the red traffic light,1,IP11A Street Salam (IntersectionFood Control Agency),IP11A Street Salam (IntersectionFood Control Agency),Commercial area,Intersection,day,clear,Dry,Perpendicular Intersection,Perpendicular collision,Morocco,Y,Passenger,Back passenger seat,Minor,29,F,Female,29,18 to 30 years,May,Arab States,Monday,17:30,PM,18 to 30 years,1,Madinat Zayed (Abu Dhabi),Block 54-1,145,"5567.                  After examining and inspecting the accident's site, the following was noted: While the vehicle causing the accident was coming from the north towards the south and turning to the north and taking the first lane from the left and where the damaged vehicle was coming from the south towards the north and taking the third lane from the left and because of bypassing the red light signal by the vehicle causing the accident, the front left side of the damaged vehicle collided with the front right side of the vehicle causing the accident. The accident resulted in the injury of the driver of the vehicle causing the accident and two passengers in the damaged vehicle. Material damage was also caused to vehicles, and according to the plan, the accident was planned.",Indian Palace intersection,Yes,60,None,4
Abu Dhabi,Shaabiya Police Station,2013,May,13-05-13,Abu Dhabi,Internal road,1.0013E+11,13,Second week,Traffic accident with injuries,Bypassing the red traffic light,1,IP11A Street Salam (IntersectionFood Control Agency),IP11A Street Salam (IntersectionFood Control Agency),Commercial area,Intersection,day,clear,Dry,Perpendicular Intersection,Perpendicular collision,Philippines,Y,Passenger,Back passenger seat,Minor,38,F,Female,38,31 to 45 years,May,Asian States,Monday,17:30,PM,31 to 45 years,1,Madinat Zayed (Abu Dhabi),Block 54-1,145,"5568.                  After examining and inspecting the accident's site, the following was noted: While the vehicle causing the accident was coming from the north towards the south and turning to the north and taking the first lane from the left and where the damaged vehicle was coming from the south towards the north and taking the third lane from the left and because of bypassing the red light signal by the vehicle causing the accident, the front left side of the damaged vehicle collided with the front right side of the vehicle causing the accident. The accident resulted in the injury of the driver of the vehicle causing the accident and two passengers in the damaged vehicle. Material damage was also caused to vehicles, and according to the plan, the accident was planned.",Indian Palace intersection,Yes,60,None,4
Abu Dhabi,Shaabiya Police Station,2013,May,14-05-13,Abu Dhabi,Internal road,1.0013E+11,14,Second week,Traffic accident with injuries,Not leaving enough space,1,Rashid Bin Saeed Al Maktoum intersection - Street IP28A 27,Rashid Bin Saeed Al Maktoum intersection - Street IP28A 27,Commercial area,Highway,night - enough lights,clear,Dry,Not on Intersection,Rear collision,UAE,Y,Passenger,Back passenger seat,Moderate,43,F,Female,43,31 to 45 years,May,UAE,Tuesday,19:30,PM,31 to 45 years,1,Mushrif,Block 23-2,187,"5569.                  After examining and inspecting the accident's site, the following was noted: The vehicle causing the accident was coming from the west towards the east and taking the fourth lane from the left, as well as the damaged vehicles coming from the same direction, and the same lane in front of the vehicle causing the accident, and because not leaving enough distance was by the vehicle that caused the accident, the front side of the vehicle collided with the rear of the first damaged vehicle, and this caused the first damaged vehicle to collide with the front side of the vehicle with the rear of the second damaged vehicle. The accident resulted in the injury of three passengers, along with the driver who caused the accident, as well as material damage to the vehicles. According to the plan, the accident was planned.",Mushrif Mall intersection,Yes,80,None,5