Emirate,Police Station,Year,Month,Date,City,Road,Report Number,Day,Week,Report type,Reasons,Computed,Streets,Street,Place,Location,lighting,Weather,Road surface,Intersection,Accident Type,Nationalities,Seat Belt,Injured person position,Injured person's seat,Degree of the injury,Age of the injured,Gender,Gender of the injured,Inp Age,Age Group,Date - Month,Nationality of the Injured person,Day,Iac Rep Time,Time,Age Group - Ministry,Computed2,Area,Block,Str Code,Accident Description,Location,Fasten seat belt,Road speed limit,Pedestrian action,Number of Lanes
Abu Dhabi,Shaabiya Police Station,2013,May,31-05-13,Abu Dhabi,Internal road,1.0013E+11,31,Fifth week,Traffic accident with injuries,Bypassing the red traffic light,1,IP36 IntersectionSalam - Falah,IP36 IntersectionSalam - Falah,Govt. authority,Intersection,day,clear,Dry,Perpendicular Intersection,Perpendicular collision,India,Y,Passenger,Front passenger seat,Minor,63,F,Female,63,Above 60,May,Asian States,Friday,15:30,PM,Above 60,1,Madinat Zayed (Abu Dhabi),Block 54-1,150,"5597.                  After examining and inspecting the accident's site, the following was noted: While the causing vehicle was coming from the west towards the east, taking the path of the far left, and upon reaching the intersection and passing it, the red traffic light (arrow signal) deflected upon entering the intersection to the left to coincide with the arrival of the damaged vehicle from the east. Towards the west, the second lane is passed from the left to hit the front of the damaged vehicle on the right side of the offending vehicle, and the offending vehicle veers and hits an indicative plate and stops above the sidewalk as the damaged vehicle stopped in the middle of the intersection, according to the plan.",Baladiya Intersection,Yes,60,None,4
Abu Dhabi,Shaabiya Police Station,2013,June,01-06-13,Abu Dhabi,Internal road,1.0013E+11,1,First week,Traffic accident with injuries,Bypassing the red traffic light,1,IP9 IntersectionHamdan Bin Mohamed - Salam,IP9 IntersectionHamdan Bin Mohamed - Salam,Commercial area,Intersection,night - enough lights,clear,Dry,Perpendicular Intersection,Perpendicular collision,India,N,Pedestrian,No passenger,Death,48,M,Male,48,46 to 60 years,Jun,Asian States,Saturday,23:31,PM,46 to 60 years,1,Markaziya,Block 52-1,103,"5598.                  After examining and inspecting the accident's site, the following was noted: The vehicle causing the accident was coming from the east to the west bypassing the red traffic light, and its entry into the intersection coincided with the entry of the first affected vehicle, which was coming from the south towards the north, and hit the front of the vehicle causing the accident to the right side of the vehicle The first damaged vehicle and due to the severity of the shock, the first damaged vehicle deviated towards the opposite street coming from the north towards the south, so the first damaged vehicle overturned and ran over the people who were standing on the island separating the two directions, and then hit the traffic light pole and then collided with the front of the second damaged vehicle that was parked on the traffic light Then the first damaged vehicle hit the front of the third damaged vehicle, which was also parked on the traffic light, and according to the scheme, the accident occurred.",The intersection of Salam Street with Hamdan Street,No,80,Stop on the road strip,4
Abu Dhabi,Shaabiya Police Station,2013,June,01-06-13,Abu Dhabi,Internal road,1.0013E+11,1,First week,Traffic accident with injuries,Bypassing the red traffic light,1,IP9 IntersectionHamdan Bin Mohamed - Salam,IP9 IntersectionHamdan Bin Mohamed - Salam,Commercial area,Intersection,night - enough lights,clear,Dry,Perpendicular Intersection,Perpendicular collision,Philippines,N,Pedestrian,No passenger,Minor,29,F,Female,29,18 to 30 years,Jun,Asian States,Saturday,23:31,PM,18 to 30 years,1,Markaziya,Block 52-1,103,"5599.                  After examining and inspecting the accident's site, the following was noted: The vehicle causing the accident was coming from the east to the west bypassing the red traffic light, and its entry into the intersection coincided with the entry of the first affected vehicle, which was coming from the south towards the north, and hit the front of the vehicle causing the accident to the right side of the vehicle The first damaged vehicle and due to the severity of the shock, the first damaged vehicle deviated towards the opposite street coming from the north towards the south, so the first damaged vehicle overturned and ran over the people who were standing on the island separating the two directions, and then hit the traffic light pole and then collided with the front of the second damaged vehicle that was parked on the traffic light Then the first damaged vehicle hit the front of the third damaged vehicle, which was also parked on the traffic light, and according to the scheme, the accident occurred.",The intersection of Salam Street with Hamdan Street,No,80,None,4
Abu Dhabi,Shaabiya Police Station,2013,June,01-06-13,Abu Dhabi,Internal road,1.0013E+11,1,First week,Traffic accident with injuries,Bypassing the red traffic light,1,IP9 IntersectionHamdan Bin Mohamed - Salam,IP9 IntersectionHamdan Bin Mohamed - Salam,Commercial area,Intersection,night - enough lights,clear,Dry,Perpendicular Intersection,Perpendicular collision,India,Y,Driver,Driver's seat,Minor,43,M,Male,43,31 to 45 years,Jun,Asian States,Saturday,23:31,PM,31 to 45 years,1,Markaziya,Block 52-1,103,"5600.                  After examining and inspecting the accident's site, the following was noted: The vehicle causing the accident was coming from the east to the west bypassing the red traffic light, and its entry into the intersection coincided with the entry of the first affected vehicle, which was coming from the south towards the north, and hit the front of the vehicle causing the accident to the right side of the vehicle The first damaged vehicle and due to the severity of the shock, the first damaged vehicle deviated towards the opposite street coming from the north towards the south, so the first damaged vehicle overturned and ran over the people who were standing on the island separating the two directions, and then hit the traffic light pole and then collided with the front of the second damaged vehicle that was parked on the traffic light Then the first damaged vehicle hit the front of the third damaged vehicle, which was also parked on the traffic light, and according to the scheme, the accident occurred.",The intersection of Salam Street with Hamdan Street,Yes,80,None,4
Abu Dhabi,Shaabiya Police Station,2013,June,01-06-13,Abu Dhabi,Internal road,1.0013E+11,1,First week,Traffic accident with injuries,Bypassing the red traffic light,1,IP9 IntersectionHamdan Bin Mohamed - Salam,IP9 IntersectionHamdan Bin Mohamed - Salam,Commercial area,Intersection,night - enough lights,clear,Dry,Perpendicular Intersection,Perpendicular collision,Nepal,Y,Driver,Driver's seat,Minor,33,M,Male,33,31 to 45 years,Jun,Other,Saturday,23:31,PM,31 to 45 years,1,Markaziya,Block 52-1,103,"5601.                  After examining and inspecting the accident's site, the following was noted: The vehicle causing the accident was coming from the east to the west bypassing the red traffic light, and its entry into the intersection coincided with the entry of the first affected vehicle, which was coming from the south towards the north, and hit the front of the vehicle causing the accident to the right side of the vehicle The first damaged vehicle and due to the severity of the shock, the first damaged vehicle deviated towards the opposite street coming from the north towards the south, so the first damaged vehicle overturned and ran over the people who were standing on the island separating the two directions, and then hit the traffic light pole and then collided with the front of the second damaged vehicle that was parked on the traffic light Then the first damaged vehicle hit the front of the third damaged vehicle, which was also parked on the traffic light, and according to the scheme, the accident occurred.",The intersection of Salam Street with Hamdan Street,Yes,80,None,4
Abu Dhabi,Shaabiya Police Station,2013,June,01-06-13,Abu Dhabi,Internal road,1.0013E+11,1,First week,Traffic accident with injuries,Bypassing the red traffic light,1,IP9 IntersectionHamdan Bin Mohamed - Salam,IP9 IntersectionHamdan Bin Mohamed - Salam,Commercial area,Intersection,night - enough lights,clear,Dry,Perpendicular Intersection,Perpendicular collision,India,Y,Passenger,Back passenger seat,Minor,58,M,Male,58,46 to 60 years,Jun,Asian States,Saturday,23:31,PM,46 to 60 years,1,Markaziya,Block 52-1,103,"5602.                  After examining and inspecting the accident's site, the following was noted: The vehicle causing the accident was coming from the east to the west bypassing the red traffic light, and its entry into the intersection coincided with the entry of the first affected vehicle, which was coming from the south towards the north, and hit the front of the vehicle causing the accident to the right side of the vehicle The first damaged vehicle and due to the severity of the shock, the first damaged vehicle deviated towards the opposite street coming from the north towards the south, so the first damaged vehicle overturned and ran over the people who were standing on the island separating the two directions, and then hit the traffic light pole and then collided with the front of the second damaged vehicle that was parked on the traffic light Then the first damaged vehicle hit the front of the third damaged vehicle, which was also parked on the traffic light, and according to the scheme, the accident occurred.",The intersection of Salam Street with Hamdan Street,Yes,80,None,4
Abu Dhabi,Shaabiya Police Station,2013,June,01-06-13,Abu Dhabi,Internal road,1.0013E+11,1,First week,Traffic accident with injuries,Bypassing the red traffic light,1,IP9 IntersectionHamdan Bin Mohamed - Salam,IP9 IntersectionHamdan Bin Mohamed - Salam,Commercial area,Intersection,night - enough lights,clear,Dry,Perpendicular Intersection,Perpendicular collision,India,Y,Passenger,Back passenger seat,Minor,62,M,Male,62,Above 60,Jun,Asian States,Saturday,23:31,PM,Above 60,1,Markaziya,Block 52-1,103,"5603.                  After examining and inspecting the accident's site, the following was noted: The vehicle causing the accident was coming from the east to the west bypassing the red traffic light, and its entry into the intersection coincided with the entry of the first affected vehicle, which was coming from the south towards the north, and hit the front of the vehicle causing the accident to the right side of the vehicle The first damaged vehicle and due to the severity of the shock, the first damaged vehicle deviated towards the opposite street coming from the north towards the south, so the first damaged vehicle overturned and ran over the people who were standing on the island separating the two directions, and then hit the traffic light pole and then collided with the front of the second damaged vehicle that was parked on the traffic light Then the first damaged vehicle hit the front of the third damaged vehicle, which was also parked on the traffic light, and according to the scheme, the accident occurred.",The intersection of Salam Street with Hamdan Street,Yes,80,None,4
Abu Dhabi,Shaabiya Police Station,2013,June,03-06-13,Abu Dhabi,Internal road,1.0013E+11,3,First week,Traffic accident with injuries,Ignoring road lane,1,Hazaa Bin Zayed Al Awal Street (11),Hazaa Bin Zayed Al Awal Street (11),Hospital,Single road,day,clear,Dry,Other,Reciprocal collision,Palestine,Y,Driver,Driver's seat,Minor,35,M,Male,35,31 to 45 years,Jun,Arab States,Monday,15:00,PM,31 to 45 years,1,Karama,Block 16-2,23,"5604.                  After examining and inspecting the accident's site, the following was noted: The vehicle causing the accident was coming from the west direction towards the east and turned left towards the north, and the two damaged vehicles were coming from the east direction towards the west, and while the vehicles were traveling and entering the intersection, and because of the red traffic light bypassing by the driver of the vehicle causing the accident, the front side of the vehicle hit the right side of the damaged vehicle and from the force of the collision the vehicle causing the accident drifted and hit the front of the second damaged vehicle on the right side of the vehicle causing the accident and the first damaged vehicle stopped while the two vehicles causing the accident and the second damaged vehicle settled after the intersection and accordingly the accident was planned drawn",Services Street behind Dar Al Shifa Hospital,Yes,40,None,1
Abu Dhabi,Shaabiya Police Station,2013,June,03-06-13,Abu Dhabi,Internal road,1.0013E+11,3,First week,Traffic accident with injuries,Ignoring road lane,1,Hazaa Bin Zayed Al Awal Street (11),Hazaa Bin Zayed Al Awal Street (11),Hospital,Single road,day,clear,Dry,Other,Reciprocal collision,South Korea,Y,Driver,Driver's seat,Minor,34,F,Female,34,31 to 45 years,Jun,Other,Monday,15:00,PM,31 to 45 years,1,Karama,Block 16-2,23,"5605.                  After examining and inspecting the accident's site, the following was noted: While the damaged vehicle was coming from the east to the west, taking the far-left lane, and the vehicle causing the accident coming from the west and turning to the north, taking the U-turn turn on the far-left lane, and because of bypassing the red light, fatigue, and sleepiness by the driver of the causing vehicle, the front side of the damaged vehicle hit the right side of the causing vehicle. The accident resulted in the injury of the driver of the vehicle causing the accident, the driver of the damaged vehicle and the passenger in the vehicle causing the accident. ",Services Street behind Dar Al Shifa Hospital,Yes,40,None,1
Abu Dhabi,Shaabiya Police Station,2013,June,03-06-13,Abu Dhabi,Internal road,1.0013E+11,3,First week,Traffic accident with injuries,Ignoring road lane,1,Hazaa Bin Zayed Al Awal Street (11),Hazaa Bin Zayed Al Awal Street (11),Hospital,Single road,day,clear,Dry,Other,Reciprocal collision,Philippines,Y,Passenger,Back passenger seat,Minor,32,F,Female,32,31 to 45 years,Jun,Asian States,Monday,15:00,PM,31 to 45 years,1,Karama,Block 16-2,23,"5606.                  After examining and inspecting the accident's site, the following was noted: While the damaged vehicle was coming from the east to the west, taking the far-left lane, and the vehicle causing the accident coming from the west and turning to the north, taking the U-turn turn on the far-left lane, and because of bypassing the red light, fatigue, and sleepiness by the driver of the causing vehicle, the front side of the damaged vehicle hit the right side of the causing vehicle. The accident resulted in the injury of the driver of the vehicle causing the accident, the driver of the damaged vehicle and the passenger in the vehicle causing the accident. ",Services Street behind Dar Al Shifa Hospital,Yes,40,None,1
Abu Dhabi,Shaabiya Police Station,2013,June,03-06-13,Abu Dhabi,Internal road,1.0013E+11,3,First week,Traffic accident with injuries,under influence of intoxicant or narcotic drug,1,Street Salam (8),Street Salam (8),Bridge / Tunnel,Tunnel,night - enough lights,clear,Dry,Other,Rear collision,India,Y,Driver,Driver's seat,Minor,43,M,Male,43,31 to 45 years,Jun,Asian States,Monday,22:46,PM,31 to 45 years,1,Madinat Zayed (Abu Dhabi),Block 54-1,12,"5607.                  After examining and inspecting the accident's site, the following was noted: While the damaged vehicle was coming from the east to the west, taking the far-left lane, and the vehicle causing the accident coming from the west and turning to the north, taking the U-turn turn on the far-left lane, and because of bypassing the red light, fatigue, and sleepiness by the driver of the causing vehicle, the front side of the damaged vehicle hit the right side of the causing vehicle. The accident resulted in the injury of the driver of the vehicle causing the accident, the driver of the damaged vehicle and the passenger in the vehicle causing the accident. ","Al Salam Street, Sheikh Zayed Tunnel, inward",Yes,80,None,4
Abu Dhabi,Shaabiya Police Station,2013,June,03-06-13,Abu Dhabi,Internal road,1.0013E+11,3,First week,Traffic accident with injuries,Not leaving enough space,1,Street ????? Zayed - ??? ????? Zayed,Street ????? Zayed - ??? ????? Zayed,Bridge / Tunnel,Highway,night - enough lights,clear,Dry,Not on or around 20 meters,Rear collision,India,Y,Driver,Driver's seat,Minor,43,M,Male,43,31 to 45 years,Jun,Asian States,Monday,22:46,PM,31 to 45 years,1,Sheikh Zayed Street,Sheikh Zayed Street,667,"5608.                  After examining and inspecting the accident's site, the following was noted: The vehicle causing the accident was coming from the east towards the west, turning towards the south and taking the first lane from the left, and the damaged vehicle was coming from the west towards the east and taking the second lane from the left, and because of the bypassing the red light signal by the vehicle causing the accident, the front of the damaged vehicle hit the vehicle causing the accident. The accident resulted in an injury to the passenger and the driver of the damaged vehicle, as well as material damage to the vehicles. The accident was drawn.",Corniche Al Qurum Street,Yes,80,None,4
Abu Dhabi,Shaabiya Police Station,2013,June,04-06-13,Abu Dhabi,Internal road,1.0013E+11,4,First week,Traffic accident with injuries,Bypassing the red traffic light,1,Hazaa Bin Zayed Al Awal Street (11),Hazaa Bin Zayed Al Awal Street (11),Island,Intersection,day,clear,Dry,Half Perpendicular Intersection,Perpendicular collision,Britain,Y,Passenger,Back passenger seat,Minor,58,F,Female,58,46 to 60 years,Jun,Other,Tuesday,12:10,PM,46 to 60 years,1,Qasr Al Bahar,Block 75-1,23,"5609.                  After examining and inspecting the accident's site, the following was noted: The vehicle causing the accident was coming from the east towards the west and wanted to turn left and take the left lane, and the damaged vehicle was coming from the west towards the east and taking the middle lane, and because of bypassing the red light by the driver causing the accident, the front side of the damaged vehicle collided with the right side of the vehicle that caused the accident, the accident resulted in injury to the driver who caused the accident and the injured driver, as well as 2 passengers accompanying the injured driver and material damage to the vehicles. According to the scheme, the accident occurred",intersection on Al Reem Island,Yes,60,None,4
Abu Dhabi,Khaldiya Police Station,2013,June,05-06-13,Abu Dhabi,Internal road,1.0013E+11,5,First week,Traffic accident with injuries,Bypassing the red traffic light,1,IP58B IntersectionArabian Gulf - Delma,IP58B IntersectionArabian Gulf - Delma,Residential area,Intersection,day,clear,Dry,Perpendicular Intersection,Perpendicular collision,UAE,Y,Driver,Driver's seat,Moderate,47,M,Male,47,46 to 60 years,Jun,UAE,Wednesday,11:15,AM,46 to 60 years,1,Rawdah,Block 56-2,172,"5610.                  After examining and inspecting the accident's site, the following was noted: The vehicle causing the accident was coming from the east towards the west and wanted to turn left and take the left lane, and the damaged vehicle was coming from the west towards the east and taking the middle lane, and because of bypassing the red light by the driver causing the accident, the front side of the damaged vehicle collided with the right side of the vehicle that caused the accident, the accident resulted in injury to the driver who caused the accident and the injured driver, as well as 2 passengers accompanying the injured driver and material damage to the vehicles. According to the scheme, the accident occurred",The intersection of Delma Street with the Arabian Gulf Street,Yes,80,None,4
Abu Dhabi,Al Madina Police Station,2013,June,07-06-13,Abu Dhabi,Internal road,1.0013E+11,7,First week,Traffic accident with injuries,Sudden deviation,1,Street Khalifa Bin Zayed(3),Street Khalifa Bin Zayed(3),Island,Bridge /  Tunnel,night - enough lights,clear,Dry,Not on Intersection,Hitting a stationary object on the road,UAE,Y,Passenger,Front passenger seat,Death,0,F,Female,0, Undefined,Jun,UAE,Friday,2:17,PM,Undefined,1,Not Identified,Not Identified,28,"5611.                  After examining and inspecting the accident's site, the following was noted: The vehicle causing the accident was coming from the east towards the west and wanted to turn left and take the left lane, and the damaged vehicle was coming from the west towards the east and taking the middle lane, and because of bypassing the red light by the driver causing the accident, the front side of the damaged vehicle collided with the right side of the vehicle that caused the accident, the accident resulted in injury to the driver who caused the accident and the injured driver, as well as 2 passengers accompanying the injured driver and material damage to the vehicles. According to the scheme, the accident occurred",Sheikh Khalifa bin Zayed Bridge,Yes,80,None,
Abu Dhabi,Al Madina Police Station,2013,June,07-06-13,Abu Dhabi,Internal road,1.0013E+11,7,First week,Traffic accident with injuries,Sudden deviation,1,Street Khalifa Bin Zayed(3),Street Khalifa Bin Zayed(3),Island,Bridge /  Tunnel,night - enough lights,clear,Dry,Not on Intersection,Hitting a stationary object on the road,UAE,Y,Driver,Driver's seat,Moderate,27,F,Female,27,18 to 30 years,Jun,UAE,Friday,2:17,PM,18 to 30 years,1,Not Identified,Not Identified,28,"5612.                  After examining and inspecting the accident's site, the following was noted: The vehicle causing the accident was coming from the east towards the west and wanted to turn left and take the left lane, and the damaged vehicle was coming from the west towards the east and taking the middle lane, and because of bypassing the red light by the driver causing the accident, the front side of the damaged vehicle collided with the right side of the vehicle that caused the accident, the accident resulted in injury to the driver who caused the accident and the injured driver, as well as 2 passengers accompanying the injured driver and material damage to the vehicles. According to the scheme, the accident occurred",Sheikh Khalifa bin Zayed Bridge,Yes,80,None,
Abu Dhabi,Al Madina Police Station,2013,June,07-06-13,Abu Dhabi,Internal road,1.0013E+11,7,First week,Traffic accident with injuries,Sudden deviation,1,Street Khalifa Bin Zayed(3),Street Khalifa Bin Zayed(3),Island,Bridge /  Tunnel,night - enough lights,clear,Dry,Not on Intersection,Hitting a stationary object on the road,Ethiopia,Y,Passenger,Front passenger seat,Moderate,21,F,Female,21,18 to 30 years,Jun,Other,Friday,2:17,PM,18 to 30 years,1,Not Identified,Not Identified,28,"5613.                  After examining and inspecting the accident's site, the following was noted: While the vehicle causing the accident was coming from the south towards the north and taking the right lane towards the intersection on a side street and because of the failure to comply with the ""stop"" sign while entering the intersection, at the same time the damaged motorcycle was coming from the east towards the west on the right lane, he was surprised by the vehicle causing the accident in front of him blocking the road and colliding with its right front side of the vehicle, and this led to the motorcyclist rushing due to the force of the collision to the windshield of the vehicle and then fell on the main road, according to the plan the accident occurred",Sheikh Khalifa bin Zayed Bridge,Yes,80,None,
Abu Dhabi,Khaldiya Police Station,2013,June,08-06-13,Abu Dhabi,Internal road,1.0013E+11,8,Second week,Traffic accident with injuries,Negligent driving,1,Street Arabian Gulf(30),Street Arabian Gulf(30),Govt. authority,Double road,night - enough lights,clear,Dry,Not on or around 20 meters,Rear collision,UAE,Y,Passenger,Front passenger seat,Minor,19,M,Male,19,18 to 30 years,Jun,UAE,Saturday,2:40,PM,18 to 30 years,1,Sports City,Block 28-2,16,"5614.                  After examining and inspecting the accident's site, the following was noted: While the vehicle causing the accident was coming from the east towards the west, turning towards the south inside the intersection and taking the far left lane, and upon the arrival of the two damaged vehicles from the west towards the east, where the first vehicle was taking the second lane from the right and the second vehicle was taking the second lane from the left, and due to bypassing the red light by the vehicle causing the accident, the front side of the two damaged vehicles collided with the right rear side of the vehicle causing the accident. According to the scheme, the accident occurred","Arabian Gulf Street, next to Zayed Sports City",Yes,100,Other (specify),4
Abu Dhabi,Khaldiya Police Station,2013,June,08-06-13,Abu Dhabi,Internal road,1.0013E+11,8,Second week,Traffic accident with injuries,Negligent driving,1,Street Arabian Gulf(30),Street Arabian Gulf(30),Govt. authority,Double road,night - enough lights,clear,Dry,Not on or around 20 meters,Rear collision,UAE,Y,Driver,Driver's seat,Minor,21,M,Male,21,18 to 30 years,Jun,UAE,Saturday,2:40,PM,18 to 30 years,1,Sports City,Block 28-2,16,"5615.                  After examining and inspecting the accident's site, the following was noted: While the vehicle causing the accident was coming from the east to the west, and turning towards the north on a two-way side street, and where the runover person was crossing the road from the west towards the east, due to the misuse of traffic by the driver of the vehicle causing the accident and the runover person crossing from a place not designated for pedestrian crossing, the runover person collided with the front side of the vehicle causing the accident, and according to the chart, the accident occurred.","Arabian Gulf Street, next to Zayed Sports City",Yes,100,None,4
Abu Dhabi,Shaabiya Police Station,2013,June,08-06-13,Abu Dhabi,Internal road,1.0013E+11,8,Second week,Traffic accident with injuries,Bypassing the red traffic light,1,Rashed Bin Saeed Al-Maktoum Street (2),Rashed Bin Saeed Al-Maktoum Street (2),Commercial area,Intersection,day,clear,Dry,Perpendicular Intersection,Perpendicular collision,USA,Y,Passenger,Back passenger seat,Minor,59,F,Female,59,46 to 60 years,Jun,Other,Saturday,12:07,PM,46 to 60 years,1,Hadbat Al Zafaran,Block 23-1,14,"5616.                  After examining and inspecting the accident's site, the following was noted: The vehicles were coming from the east towards the west, and the damaged vehicles were stopping and waiting in front of the roundabout, and the vehicle causing the accident was traveling on the left lane, and due to fatigue and tiredness by the driver causing the accident, he did not see the damaged vehicles stopping, so the front side of the vehicle causing the accident collided at the rear of the first damaged vehicle and from the force of the collision the first damaged vehicle rushed and its front collided with the rear of the second damaged vehicle and on the right side of the third damaged vehicle and the vehicles settled, and accordingly the accident was planned as shown.",Mushrif Mall intersection,Yes,60,None,3
Abu Dhabi,Shaabiya Police Station,2013,June,08-06-13,Abu Dhabi,Internal road,1.0013E+11,8,Second week,Traffic accident with injuries,Bypassing the red traffic light,1,Rashed Bin Saeed Al-Maktoum Street (2),Rashed Bin Saeed Al-Maktoum Street (2),Commercial area,Intersection,day,clear,Dry,Perpendicular Intersection,Perpendicular collision,Egypt,Y,Passenger,Back passenger seat,Minor,3,M,Male,3,1 to 7 years,Jun,Arab States,Saturday,12:07,PM,Below 18 years,1,Hadbat Al Zafaran,Block 23-1,14,"5617.                  After examining and inspecting the accident's site, the following was noted: The vehicles were coming from the east towards the west, and the damaged vehicles were stopping and waiting in front of the roundabout, and the vehicle causing the accident was traveling on the left lane, and due to fatigue and tiredness by the driver causing the accident, he did not see the damaged vehicles stopping, so the front side of the vehicle causing the accident collided at the rear of the first damaged vehicle and from the force of the collision the first damaged vehicle rushed and its front collided with the rear of the second damaged vehicle and on the right side of the third damaged vehicle and the vehicles settled, and accordingly the accident was planned as shown.",Mushrif Mall intersection,Yes,60,None,3
Abu Dhabi,Shaabiya Police Station,2013,June,08-06-13,Abu Dhabi,Internal road,1.0013E+11,8,Second week,Traffic accident with injuries,Bypassing the red traffic light,1,Rashed Bin Saeed Al-Maktoum Street (2),Rashed Bin Saeed Al-Maktoum Street (2),Commercial area,Intersection,day,clear,Dry,Perpendicular Intersection,Perpendicular collision,Egypt,Y,Passenger,Front passenger seat,Minor,36,F,Female,36,31 to 45 years,Jun,Arab States,Saturday,12:07,PM,31 to 45 years,1,Hadbat Al Zafaran,Block 23-1,14,"5618.                  After examining and inspecting the accident's site, the following was noted: The vehicles were coming from the east towards the west, and the damaged vehicles were stopping and waiting in front of the roundabout, and the vehicle causing the accident was traveling on the left lane, and due to fatigue and tiredness by the driver causing the accident, he did not see the damaged vehicles stopping, so the front side of the vehicle causing the accident collided at the rear of the first damaged vehicle and from the force of the collision the first damaged vehicle rushed and its front collided with the rear of the second damaged vehicle and on the right side of the third damaged vehicle and the vehicles settled, and accordingly the accident was planned as shown.",Mushrif Mall intersection,Yes,60,None,3
Abu Dhabi,Khaldiya Police Station,2013,June,09-06-13,Abu Dhabi,Internal road,1.0013E+11,9,Second week,Traffic accident with injuries,Not leaving enough space,1,Street Bainunah(34),Street Bainunah(34),Residential area,Double road,night - enough lights,clear,Dry,Not on Intersection,Rear collision,UAE,Y,Passenger,Front passenger seat,Minor,19,F,Female,19,18 to 30 years,Jun,UAE,Sunday,17:15,PM,18 to 30 years,1,Al Butain,Block 94-2,19,"5619.                  After examining and inspecting the accident's site, the following was noted: The vehicles were coming from the east towards the west, and the damaged vehicles were stopping and waiting in front of the roundabout, and the vehicle causing the accident was traveling on the left lane, and due to fatigue and tiredness by the driver causing the accident, he did not see the damaged vehicles stopping, so the front side of the vehicle causing the accident collided at the rear of the first damaged vehicle and from the force of the collision the first damaged vehicle rushed and its front collided with the rear of the second damaged vehicle and on the right side of the third damaged vehicle and the vehicles settled, and accordingly the accident was planned as shown.","Baynunah Street, near the Diwan of His Highness the Crown Prince",Yes,60,None,3
Abu Dhabi,Khaldiya Police Station,2013,June,09-06-13,Abu Dhabi,Internal road,1.0013E+11,9,Second week,Traffic accident with injuries,Not leaving enough space,1,Street Bainunah(34),Street Bainunah(34),Residential area,Double road,night - enough lights,clear,Dry,Not on Intersection,Rear collision,UAE,Y,Driver,Driver's seat,Moderate,27,F,Female,27,18 to 30 years,Jun,UAE,Sunday,17:15,PM,18 to 30 years,1,Al Butain,Block 94-2,19,"5620.                  After examining and inspecting the accident's site, the following was noted: The vehicles were coming from the east towards the west, and the damaged vehicles were stopping and waiting in front of the roundabout, and the vehicle causing the accident was traveling on the left lane, and due to fatigue and tiredness by the driver causing the accident, he did not see the damaged vehicles stopping, so the front side of the vehicle causing the accident collided at the rear of the first damaged vehicle and from the force of the collision the first damaged vehicle rushed and its front collided with the rear of the second damaged vehicle and on the right side of the third damaged vehicle and the vehicles settled, and accordingly the accident was planned as shown.","Baynunah Street, near the Diwan of His Highness the Crown Prince",Yes,60,None,3