Emirate,Police Station,Year,Month,Date,City,Road,Report Number,Day,Week,Report type,Reasons,Computed,Streets,Street,Place,Location,lighting,Weather,Road surface,Intersection,Accident Type,Nationalities,Seat Belt,Injured person position,Injured person's seat,Degree of the injury,Age of the injured,Gender,Gender of the injured,Inp Age,Age Group,Date - Month,Nationality of the Injured person,Day,Iac Rep Time,Time,Age Group - Ministry,Computed2,Area,Block,Str Code,Accident Description,Location,Fasten seat belt,Road speed limit,Pedestrian action,Number of Lanes
Abu Dhabi,Khaldiya Police Station,2013,June,23-06-13,Abu Dhabi,Internal road,1.0013E+11,23,Fourth week,Traffic accident with injuries,Bypassing the red traffic light,1,Rashed bin Saeed Al-Maktoum intersection - Street 29 IP76,Rashed bin Saeed Al-Maktoum intersection - Street 29 IP76,Residential area,Intersection,day,clear,Dry,Perpendicular Intersection,Perpendicular collision,UAE,Y,Driver,Driver's seat,Moderate,34,M,Male,34,31 to 45 years,Jun,UAE,Sunday,9:30,AM,31 to 45 years,1,Mushrif,Block 24-2,188,"5648.                  After examining and inspecting the accident's site, the following was noted: The vehicles were coming from the east towards the west, and the damaged vehicles were stopping and waiting in front of the roundabout, and the vehicle causing the accident was traveling on the left lane, and due to fatigue and tiredness by the driver causing the accident, he did not see the damaged vehicles stopping, so the front side of the vehicle causing the accident collided at the rear of the first damaged vehicle and from the force of the collision the first damaged vehicle rushed and its front collided with the rear of the second damaged vehicle and on the right side of the third damaged vehicle and the vehicles settled, and accordingly the accident was planned as shown.","Sheikh Rashid bin Saeed Street, Pepsi Cola intersection",Yes,80,None,4
Abu Dhabi,Khaldiya Police Station,2013,June,23-06-13,Abu Dhabi,Internal road,1.0013E+11,23,Fourth week,Traffic accident with injuries,Not securing vehicle stability while stopping,1,Street Corniche(1),Street Corniche(1),Govt. authority,Car parking,day,clear,Dry,Not on Intersection,Person run over,UAE,N,Pedestrian,No passenger,Moderate,62,M,Male,62,Above 60,Jun,UAE,Sunday,9:54,AM,Above 60,1,Markaziya,Block 31-1,29,"5649.                  After examining and inspecting the accident's site, the following was noted: The vehicle causing the accident was coming from the south towards the north and was traveling to the far right, and the person being hit was coming from the east towards the west, and due to traffic misuse, the vehicle causing the accident collided with the person who was hit, which led to his injury. He was taken to the hospital, knowing that the vehicle that caused the accident escaped, and the type of the vehicle is black Nissan Murano, with an unknown number. The accident resulted in the injury of the person who was hit, and he was taken to the hospital. According to the plan, the accident occurred","Corniche area, Ministry of Finance parking",No,20,Stop,
Abu Dhabi,Shaabiya Police Station,2013,June,24-06-13,Abu Dhabi,Internal road,1.0013E+11,24,Fourth week,Traffic accident with injuries,Bypassing the red traffic light,1,IP38C IntersectionAbu Dhabi Mall,IP38C IntersectionAbu Dhabi Mall,Commercial area,Intersection,day,clear,Dry,Half Perpendicular Intersection,Perpendicular collision,Britain,N,Driver,Driver's seat,Minor,21,F,Female,21,18 to 30 years,Jun,Other,Monday,9:20,AM,18 to 30 years,1,Mina,Block 94-1,142,"5650.                  After examining and inspecting the accident's site, the following was noted: While the causing vehicle was coming from the north towards the south and the damaged vehicle was coming from the west towards the east, and due to bypassing the red-light signal, the front side of the causing vehicle hit the left side of the damaged vehicle. The accident resulted in physical damage to the vehicles. According to the plan, the accident occurred",The intersection of Abu Dhabi Mall,No,60,None,6
Abu Dhabi,Khaldiya Police Station,2013,June,24-06-13,Abu Dhabi,Internal road,1.0013E+11,24,Fourth week,Traffic accident with injuries,Misuse of traffic,1,Rashed Bin Saeed Al-Maktoum Street (2),Rashed Bin Saeed Al-Maktoum Street (2),Commercial area,Car parking,day,clear,Dry,Not on Intersection,Person run over,Bangladesh,N,Pedestrian,No passenger,Moderate,46,M,Male,46,46 to 60 years,Jun,Asian States,Monday,10:05,AM,46 to 60 years,1,Al Wahda,Block 16-1,14,"5651.                  After examining and inspecting the accident's site, the following was noted: The vehicle causing the accident was coming from the west towards the east and taking the first lane from the left and due to speed without taking into account the road conditions by the vehicle causing the accident and not adhering to the road line, this led to the vehicle drifting, colliding with the pavement and hitting the iron barriers and settled outside the road, the accident resulted in the driver being moderately injured, as well as material damage to vehicles, and according to the plan, the accident occurred.",Opposite Mashreq Bank,No,40,"Cross, there's no crosswalk",2
Abu Dhabi,Shaabiya Police Station,2013,June,24-06-13,Abu Dhabi,Internal road,1.0013E+11,24,Fourth week,Traffic accident with injuries,Ignoring road lane,1,Al Sharqi intersection (Muroor) - Mohamed bin Khalifa IP49A,Al Sharqi intersection (Muroor) - Mohamed bin Khalifa IP49A,Residential area,Intersection,day,clear,Dry,Perpendicular Intersection,Side collision,India,N,Driver,bike passenger,Moderate,42,M,Male,42,31 to 45 years,Jun,Asian States,Monday,8:45,AM,31 to 45 years,1,Al Wahda,Block 17-1,174,"5652.                  After examining and inspecting the accident's site, the following was noted: During the passage of the vehicle causing the accident in Carrefour parking and the person being run over in the parking lot and due to traffic misuse, the front of the vehicle causing the accident hit the body of the person who was hit, resulting in bodily damage to the person being hit, and according to the plan, the accident occurred.",The intersection of Al-Ittihad newspaper,No,60,None,4
Abu Dhabi,Shaabiya Police Station,2013,June,25-06-13,Abu Dhabi,Internal road,1.0013E+11,25,Fourth week,Traffic accident with injuries,under influence of intoxicant or narcotic drug,1,Street Baniyas (Najda)(6),Street Baniyas (Najda)(6),Hospital,Double road,night - enough lights,clear,Dry,Not on or around 20 meters,Hitting a stationary object on the road,UAE,Y,Driver,Driver's seat,Minor,35,F,Female,35,31 to 45 years,Jun,UAE,Tuesday,4:07,PM,31 to 45 years,1,Madinat Zayed (Abu Dhabi),Block 54-1,17,"5653.                  After examining and inspecting the accident's site, the following was noted: The vehicle causing the accident was coming from the west towards the east and taking the middle lane, and the damaged vehicle was coming from the south towards the north, and because the driver of the causing vehicle bypassed the red light, the front side of the damaged vehicle hit the front right side of the vehicle causing the accident, and then the front right  side of the damaged vehicle hit the concrete base of the traffic light pole. The accident resulted in bodily injuries and material damage to the two vehicles. According to the plan, the accident occurred.","Baniyas Street (Najda) opposite Dar Al Shifa Hospital, outward",Yes,60,None,4
Abu Dhabi,Shaabiya Police Station,2013,June,25-06-13,Abu Dhabi,Internal road,1.0013E+11,25,Fourth week,Traffic accident with injuries,Not giving priority to pedestrian crossing,1,IP75D IntersectionAl Sharqi (Muroor) - Street 31,IP75D IntersectionAl Sharqi (Muroor) - Street 31,School,Double road,day,clear,Dry,Not on Intersection,Person run over,Bangladesh,N,Pedestrian,No passenger,Moderate,12,F,Female,12,8 to 17 years,Jun,Asian States,Tuesday,7:29,AM,Below 18 years,1,Hadbat Al Zafaran,Block 25-1,186,"5654.                  After examining and inspecting the accident's site, the following was noted: The vehicle causing the accident was coming from the west towards the east and was taking the middle lane, and the damaged vehicle was coming from the south towards the north, and because the driver of the causing vehicle bypassed the red light, the front side of the damaged vehicle hit the front right side of the vehicle causing the accident, and then the front right  side of the damaged vehicle hit the concrete base of the traffic light pole. The accident resulted in bodily injuries and material damage to the two vehicles. According to the plan, the accident occurred.",In front of Sheikh Khalifa Bangladeshi School,No,60,Cross on the crosswalk of the pedestrians,3
Abu Dhabi,Shaabiya Police Station,2013,June,26-06-13,Abu Dhabi,Internal road,1.1413E+11,26,Fourth week,Traffic accident with injuries,Bypassing the red traffic light,1,Street Mina(3),Street Mina(3),Commercial area,Intersection,day,clear,Dry,Perpendicular Intersection,Perpendicular collision,Ethiopia,Y,Passenger,Back passenger seat,Minor,33,F,Female,33,31 to 45 years,Jun,Other,Wednesday,12:47,PM,31 to 45 years,1,Not Identified,Not Identified,30,"5655.                  After examining and inspecting the accident's site, the following was noted: While the causing vehicle was coming from the east towards the west and taking the right lane, and the person being hit was coming from the south towards the north on a side street, the left side of the body of the runover person collided with the rear right side of the causing vehicle and the runover person fell on the ground, and the accident resulted in bodily damage to the vehicle, and according to the plan, the accident occurred.",intersection of the Dana Hotel,Yes,60,None,
Abu Dhabi,Al Madina Police Station,2013,June,26-06-13,Abu Dhabi,Internal road,1.1513E+11,26,Fourth week,Traffic accident with injuries,Not giving priority to pedestrian crossing,1,Street Hamdan Bin Mohamed(5),Street Hamdan Bin Mohamed(5),Commercial area,Double road,day,clear,Dry,Not on Intersection,Person run over,Philippines,N,Pedestrian,No passenger,Minor,36,F,Female,36,31 to 45 years,Jun,Asian States,Wednesday,11:45,AM,31 to 45 years,1,Not Identified,Not Identified,26,"5656.                  After examining and inspecting the accident's site, the following was noted: While the vehicle causing the accident was coming from the south towards the north and taking the far left lane, and before arriving at the pedestrian crossing lines near Mashreq Bank on Khalifa Street, the driver was surprised by the runover person crossing the road on the pedestrian crossing lines from the east towards the west, and the car hit the runover person and he fell injured on the road, and the vehicle stopped at the accident site, according to the plan, the accident occurred.",Hamdan Street - before former Cairo Bank ,No,60,Cross on crosswalk not in the intersection,3
Abu Dhabi,Khaldiya Police Station,2013,June,26-06-13,Abu Dhabi,Internal road,1.0013E+11,26,Fourth week,Traffic accident with injuries,Bypassing the red traffic light,1,Rashid Bin Saeed Al Maktoum intersection - Street IP28A 27,Rashid Bin Saeed Al Maktoum intersection - Street IP28A 27,Commercial area,Intersection,day,clear,Dry,Perpendicular Intersection,Perpendicular collision,UAE,Y,Driver,Driver's seat,Minor,30,F,Female,30,18 to 30 years,Jun,UAE,Wednesday,14:30,PM,18 to 30 years,1,Mushrif,Block 23-2,187,"5657.                  After examining and inspecting the accident's site, the following was noted: While the driver of the vehicle causing the accident was coming from the east towards the west taking the second lane from the left, and while the driver of the damaged vehicle was coming from the north towards the south and taking the second lane from the left, and because of bypassing the traffic red light by the driver of the vehicle causing the accident, the front side of the vehicle collided with the front left side of the damaged vehicle, causing it to drift and collide with the pavement. The accident resulted in injury to the driver of the damaged vehicle and the passenger who was with him, and material damage to both vehicles. According to the plan, the accident occurred.",Tarkhees Intersection,Yes,60,None,4
Abu Dhabi,Khaldiya Police Station,2013,June,26-06-13,Abu Dhabi,Internal road,1.0013E+11,26,Fourth week,Traffic accident with injuries,Bypassing the red traffic light,1,Rashid Bin Saeed Al Maktoum intersection - Street IP28A 27,Rashid Bin Saeed Al Maktoum intersection - Street IP28A 27,Commercial area,Intersection,day,clear,Dry,Perpendicular Intersection,Perpendicular collision,Morocco,Y,Passenger,Front passenger seat,Minor,41,F,Female,41,31 to 45 years,Jun,Arab States,Wednesday,14:30,PM,31 to 45 years,1,Mushrif,Block 23-2,187,"5658.                  After examining and inspecting the accident's site, the following was noted: While the driver of the vehicle causing the accident was coming from the east towards the west and taking the second lane from the left, and while the driver of the damaged vehicle was coming from the north towards the south and taking the second lane from the left, and because of bypassing the red light By the driver of the vehicle causing the accident, the front side of the vehicle collided with the front left side of the damaged vehicle, which led to its drift and collision with the pavement. The accident resulted in injury to the driver of the damaged vehicle and the passenger who was with him, and material damage to both vehicles. The accident was planned.",Tarkhees Intersection,Yes,60,None,4
Abu Dhabi,Khaldiya Police Station,2013,June,26-06-13,Abu Dhabi,Internal road,1.0013E+11,26,Fourth week,Traffic accident with injuries,Bypassing the red traffic light,1,Rashid Bin Saeed Al Maktoum intersection - Street IP28A 27,Rashid Bin Saeed Al Maktoum intersection - Street IP28A 27,Commercial area,Intersection,day,clear,Dry,Perpendicular Intersection,Perpendicular collision,Lebanon,Y,Driver,Driver's seat,Minor,58,M,Male,58,46 to 60 years,Jun,Arab States,Wednesday,14:30,PM,46 to 60 years,1,Mushrif,Block 23-2,187,"5659.                  After examining and inspecting the accident's site, the following was noted: The vehicle causing the accident was coming from the south to north direction, and the two damaged vehicles were coming from the east towards the west, and while the vehicles were traveling and arrived at the intersection, and because of bypassing the red light by the driver of the vehicle causing the accident The front side of the causing vehicle collided with the left side of the first damaged vehicle, and from the force of the collision, the first damaged vehicle deviated to the right and collided with the left side of the second damaged vehicle, causing the first damaged vehicle to drift and collide with the base of the traffic light and settle the vehicles. Accordingly, the accident was planned as shown in the final drawing.",Tarkhees Intersection,Yes,60,None,4
Abu Dhabi,Khaldiya Police Station,2013,June,27-06-13,Abu Dhabi,Internal road,1.0013E+11,27,Fourth week,Traffic accident with injuries,Speedy without taking road conditions into account,1,Khalifa Bin Shakhbout Street (28),Khalifa Bin Shakhbout Street (28),School,Two-way road,day,clear,Dry,Not on or around 20 meters,Person run over,Canada,N,Pedestrian,No passenger,Minor,40,F,Female,40,31 to 45 years,Jun,Other,Thursday,14:05,PM,31 to 45 years,1,Rawdah,Block 55-2,18,"5660.                  After examining and inspecting the accident's site, the following was noted: The vehicle causing the accident was coming from the west direction towards the east and turned left towards the north, and the two damaged vehicles were coming from the east direction towards the west, and while the vehicles were traveling and entering the intersection, and because of the red traffic light bypassing by the driver of the vehicle causing the accident, the front side of the vehicle hit the right side of the damaged vehicle and from the force of the collision the vehicle causing the accident drifted and hit the front of the second damaged vehicle on the right side of the vehicle causing the accident and the first damaged vehicle stopped while the two vehicles causing the accident and the second damaged vehicle settled after the intersection and accordingly the accident was planned drawn",Near Mushrif school,No,60,"Cross, there's no crosswalk",1
Abu Dhabi,Khaldiya Police Station,2013,June,27-06-13,Abu Dhabi,Internal road,1.0013E+11,27,Fourth week,Traffic accident with injuries,Speedy without taking road conditions into account,1,Khalifa Bin Shakhbout Street (28),Khalifa Bin Shakhbout Street (28),School,Two-way road,day,clear,Dry,Not on or around 20 meters,Person run over,Canada,N,Pedestrian,No passenger,Minor,5,F,Female,5,1 to 7 years,Jun,Other,Thursday,14:05,PM,Below 18 years,1,Rawdah,Block 55-2,18,"5661.                  After examining and inspecting the accident's site, the following was noted: While the damaged vehicle was coming from the east to the west, taking the far-left lane, and the vehicle causing the accident coming from the west and turning to the north, taking the U-turn turn on the far-left lane, and because of bypassing the red light, fatigue, and sleepiness by the driver of the causing vehicle, the front side of the damaged vehicle hit the right side of the causing vehicle. The accident resulted in the injury of the driver of the vehicle causing the accident, the driver of the damaged vehicle and the passenger in the vehicle causing the accident. ",Near Mushrif school,No,60,"Cross, there's no crosswalk",1
Abu Dhabi,Khaldiya Police Station,2013,June,27-06-13,Abu Dhabi,Internal road,1.0013E+11,27,Fourth week,Traffic accident with injuries,Bypassing the red traffic light,1,Street Corniche(1),Street Corniche(1),Commercial area,Intersection,day,clear,Dry,Perpendicular Intersection,Perpendicular collision,Bangladesh,Y,Driver,Driver's seat,Minor,44,M,Male,44,31 to 45 years,Jun,Asian States,Thursday,14:55,PM,31 to 45 years,1,Kaser Al Amwaj,Not Identified,29,"5662.                  After examining and inspecting the accident's site, the following was noted: While the damaged vehicle was coming from the east to the west, taking the far-left lane, and the vehicle causing the accident coming from the west and turning to the north, taking the U-turn turn on the far-left lane, and because of bypassing the red light, fatigue, and sleepiness by the driver of the causing vehicle, the front side of the damaged vehicle hit the right side of the causing vehicle. The accident resulted in the injury of the driver of the vehicle causing the accident, the driver of the damaged vehicle and the passenger in the vehicle causing the accident. ","Kasir Al Amwaj, Marina Intersection",Yes,60,None,4
Abu Dhabi,Shaabiya Police Station,2013,June,27-06-13,Abu Dhabi,Internal road,1.0013E+11,27,Fourth week,Traffic accident with injuries,Bypassing the red traffic light,1,Rashid Bin Saeed Al Maktoum intersection - Street IP28A 27,Rashid Bin Saeed Al Maktoum intersection - Street IP28A 27,Govt. authority,Intersection,day,clear,Dry,Perpendicular Intersection,Perpendicular collision,UAE,N,Passenger,Back passenger seat,Minor,18,M,Male,18,18 to 30 years,Jun,UAE,Thursday,15:52,PM,18 to 30 years,1,Mushrif,Block 23-2,187,"5663.                  After examining and inspecting the accident's site, the following was noted: While the damaged vehicle was coming from the east to the west, taking the far-left lane, and the vehicle causing the accident coming from the west and turning to the north, taking the U-turn turn on the far-left lane, and because of bypassing the red light, fatigue, and sleepiness by the driver of the causing vehicle, the front side of the damaged vehicle hit the right side of the causing vehicle. The accident resulted in the injury of the driver of the vehicle causing the accident, the driver of the damaged vehicle and the passenger in the vehicle causing the accident. ","Tarkhees Intersection, Sheikh Rashid Road, inward",No,80,None,4
Abu Dhabi,Shaabiya Police Station,2013,June,27-06-13,Abu Dhabi,Internal road,1.0013E+11,27,Fourth week,Traffic accident with injuries,Bypassing the red traffic light,1,Rashid Bin Saeed Al Maktoum intersection - Street IP28A 27,Rashid Bin Saeed Al Maktoum intersection - Street IP28A 27,Govt. authority,Intersection,day,clear,Dry,Perpendicular Intersection,Perpendicular collision,India,Y,Driver,Driver's seat,Minor,49,M,Male,49,46 to 60 years,Jun,Asian States,Thursday,15:52,PM,46 to 60 years,1,Mushrif,Block 23-2,187,"5664.                  After examining and inspecting the accident's site, the following was noted: The vehicle causing the accident was coming from the east towards the west, turning towards the south and taking the first lane from the left, and the damaged vehicle was coming from the west towards the east and taking the second lane from the left, and because of the bypassing the red light signal by the vehicle causing the accident, the front of the damaged vehicle hit the vehicle causing the accident. The accident resulted in an injury to the passenger and the driver of the damaged vehicle, as well as material damage to the vehicles. The accident was drawn.","Tarkhees Intersection, Sheikh Rashid Road, inward",Yes,80,None,4
Abu Dhabi,Khaldiya Police Station,2013,June,29-06-13,Abu Dhabi,Internal road,1.0013E+11,29,Fifth week,Traffic accident with injuries,under influence of intoxicant or narcotic drug,1,Street Arabian Gulf(30),Street Arabian Gulf(30),Bridge / Tunnel,Bridge /  Tunnel,night - enough lights,clear,Dry,Not on Intersection,Rear collision,UAE,Y,Passenger,Back passenger seat,Severe,50,F,Female,50,46 to 60 years,Jun,UAE,Saturday,22:03,PM,46 to 60 years,1,Musaffah Bridge,Not Identified,16,"5665.                  After examining and inspecting the accident's site, the following was revealed:","Arabian Gulf Street, outward, on Mussafah Bridge",Yes,100,None,4
Abu Dhabi,Khaldiya Police Station,2013,June,29-06-13,Abu Dhabi,Internal road,1.0013E+11,29,Fifth week,Traffic accident with injuries,under influence of intoxicant or narcotic drug,1,Street Arabian Gulf(30),Street Arabian Gulf(30),Bridge / Tunnel,Bridge /  Tunnel,night - enough lights,clear,Dry,Not on Intersection,Rear collision,UAE,Y,Driver,Driver's seat,Minor,29,M,Male,29,18 to 30 years,Jun,UAE,Saturday,22:03,PM,18 to 30 years,1,Musaffah Bridge,Not Identified,16,"While the two vehicles were traveling from the west towards the east in the left lane, and while the vehicle was causing the rear and the damaged one was in the front, and while they were driving, because of the driver of the causing vehicle under the influence of alcoholic drinks and speed without taking into account the road conditions, the accident","Arabian Gulf Street, outward, on Mussafah Bridge",Yes,100,None,4
Abu Dhabi,Khaldiya Police Station,2013,June,29-06-13,Abu Dhabi,Internal road,1.0013E+11,29,Fifth week,Traffic accident with injuries,under influence of intoxicant or narcotic drug,1,Street Arabian Gulf(30),Street Arabian Gulf(30),Bridge / Tunnel,Bridge /  Tunnel,night - enough lights,clear,Dry,Not on Intersection,Rear collision,Pakistan,Y,Driver,Driver's seat,Minor,36,M,Male,36,31 to 45 years,Jun,Asian States,Saturday,22:03,PM,31 to 45 years,1,Musaffah Bridge,Not Identified,16," Where the front of the causing vehicle collided at the back  of the damaged vehicle on the right side, and from the force of the collision, the driver of the damaged vehicle lost control of his vehicle, so it swerved to the far left and went up to the agricultural island separating the two directions, then got off it and turned around itself","Arabian Gulf Street, outward, on Mussafah Bridge",Yes,100,None,4
Abu Dhabi,Khaldiya Police Station,2013,June,29-06-13,Abu Dhabi,Internal road,1.0013E+11,29,Fifth week,Traffic accident with injuries,under influence of intoxicant or narcotic drug,1,Street Arabian Gulf(30),Street Arabian Gulf(30),Bridge / Tunnel,Bridge /  Tunnel,night - enough lights,clear,Dry,Not on Intersection,Rear collision,Ethiopia,N,Passenger,Back passenger seat,Moderate,27,F,Female,27,18 to 30 years,Jun,Other,Saturday,22:03,PM,18 to 30 years,1,Musaffah Bridge,Not Identified,16,"And stabilized in the second lane, against the direction of traffic, how many permanent turns around itself","Arabian Gulf Street, outward, on Mussafah Bridge",No,100,None,4
Abu Dhabi,Khaldiya Police Station,2013,June,29-06-13,Abu Dhabi,Internal road,1.0013E+11,29,Fifth week,Traffic accident with injuries,under influence of intoxicant or narcotic drug,1,Street Arabian Gulf(30),Street Arabian Gulf(30),Bridge / Tunnel,Bridge /  Tunnel,night - enough lights,clear,Dry,Not on Intersection,Rear collision,UAE,Y,Passenger,Back passenger seat,Minor,20,F,Female,20,18 to 30 years,Jun,UAE,Saturday,22:03,PM,18 to 30 years,1,Musaffah Bridge,Not Identified,16,"And it stabilized against the direction of traffic on the far right. The accident resulted in bodily injuries, damage to state property and material damage to the two vehicles, and According to diagramed, the accident was occurred","Arabian Gulf Street, outward, on Mussafah Bridge",Yes,100,None,4
Abu Dhabi,Khaldiya Police Station,2013,June,29-06-13,Abu Dhabi,Internal road,1.0013E+11,29,Fifth week,Traffic accident with injuries,under influence of intoxicant or narcotic drug,1,Street Arabian Gulf(30),Street Arabian Gulf(30),Bridge / Tunnel,Bridge /  Tunnel,night - enough lights,clear,Dry,Not on Intersection,Rear collision,UAE,N,Passenger,Back passenger seat,Moderate,1,F,Female,1,1 to 7 years,Jun,UAE,Saturday,22:03,PM,Below 18 years,1,Musaffah Bridge,Not Identified,16,"5666.                  After examining and inspecting the accident's site, the following was revealed:","Arabian Gulf Street, outward, on Mussafah Bridge",No,100,None,4
Abu Dhabi,Khaldiya Police Station,2013,June,29-06-13,Abu Dhabi,Internal road,1.0013E+11,29,Fifth week,Traffic accident with injuries,under influence of intoxicant or narcotic drug,1,Street Arabian Gulf(30),Street Arabian Gulf(30),Bridge / Tunnel,Bridge /  Tunnel,night - enough lights,clear,Dry,Not on Intersection,Rear collision,UAE,N,Passenger,Back passenger seat,Severe,2,M,Male,2,1 to 7 years,Jun,UAE,Saturday,22:03,PM,Below 18 years,1,Musaffah Bridge,Not Identified,16,"While the two vehicles were traveling from the west towards the east in the left lane, and while the vehicle was causing the rear and the damaged one was in the front, and while they were driving, because of the driver of the causing vehicle under the influence of alcoholic drinks and speed without taking into account the road conditions, the accident","Arabian Gulf Street, outward, on Mussafah Bridge",No,100,None,4
Abu Dhabi,Khaldiya Police Station,2013,June,29-06-13,Abu Dhabi,Internal road,1.0013E+11,29,Fifth week,Traffic accident with injuries,under influence of intoxicant or narcotic drug,1,Street Arabian Gulf(30),Street Arabian Gulf(30),Bridge / Tunnel,Bridge /  Tunnel,night - enough lights,clear,Dry,Not on Intersection,Rear collision,UAE,N,Passenger,Back passenger seat,Severe,27,F,Female,27,18 to 30 years,Jun,UAE,Saturday,22:03,PM,18 to 30 years,1,Musaffah Bridge,Not Identified,16," Where the front of the causing vehicle collided at the back  of the damaged vehicle on the right side, and from the force of the collision, the driver of the damaged vehicle lost control of his vehicle, so it swerved to the far left and went up to the agricultural island separating the two directions, then got off it and turned around itself","Arabian Gulf Street, outward, on Mussafah Bridge",No,100,None,4
Abu Dhabi,Khaldiya Police Station,2013,June,30-06-13,Abu Dhabi,Internal road,1.0013E+11,30,Fifth week,Traffic accident with injuries,Not leaving enough space,1,IP127 IntersectionDelma - Street 32,IP127 IntersectionDelma - Street 32,Residential area,Double road,night - enough lights,clear,Dry,Perpendicular Intersection,Rear collision,UAE,Y,Driver,Driver's seat,Minor,20,M,Male,20,18 to 30 years,Jun,UAE,Sunday,8:35,AM,18 to 30 years,1,Al Butain,Block 96-2,173,"And stabilized in the second lane, against the direction of traffic, how many permanent turns around itself","Sheikh Sultan Bin Zayed Street with Delma Street, Al Bateen Area",Yes,60,None,4
Abu Dhabi,Khaldiya Police Station,2013,June,30-06-13,Abu Dhabi,Internal road,1.0013E+11,30,Fifth week,Traffic accident with injuries,Not leaving enough space,1,IP127 IntersectionDelma - Street 32,IP127 IntersectionDelma - Street 32,Residential area,Double road,night - enough lights,clear,Dry,Perpendicular Intersection,Rear collision,UAE,Y,Passenger,Front passenger seat,Moderate,19,M,Male,19,18 to 30 years,Jun,UAE,Sunday,8:35,AM,18 to 30 years,1,Al Butain,Block 96-2,173,"And it stabilized against the direction of traffic on the far right. The accident resulted in bodily injuries, damage to state property and material damage to the two vehicles, and According to diagramed, the accident was occurred","Sheikh Sultan Bin Zayed Street with Delma Street, Al Bateen Area",Yes,60,None,4
Abu Dhabi,Shaabiya Police Station,2013,June,30-06-13,Abu Dhabi,Internal road,1.0013E+11,30,Fifth week,Traffic accident with injuries,Bypassing the red traffic light,1,Al Sharqi Street (Muroor) (4),Al Sharqi Street (Muroor) (4),Govt. authority,Intersection,day,clear,Dry,Perpendicular Intersection,Perpendicular collision,UAE,N,Passenger,Back passenger seat,Moderate,24,F,Female,24,18 to 30 years,Jun,UAE,Sunday,12:15,PM,18 to 30 years,1,Hadbat Al Zafaran,Block 20-1,13,"5667.                  After examining and inspecting the accident's site, the following was revealed:",Police College intersection,No,80,None,4
Abu Dhabi,Shaabiya Police Station,2013,June,30-06-13,Abu Dhabi,Internal road,1.0013E+11,30,Fifth week,Traffic accident with injuries,Bypassing the red traffic light,1,Al Sharqi Street (Muroor) (4),Al Sharqi Street (Muroor) (4),Govt. authority,Intersection,day,clear,Dry,Perpendicular Intersection,Perpendicular collision,UAE,N,Passenger,Front passenger seat,Moderate,49,F,Female,49,46 to 60 years,Jun,UAE,Sunday,12:15,PM,46 to 60 years,1,Hadbat Al Zafaran,Block 20-1,13,"While the two vehicles were traveling from the west towards the east in the left lane, and while the vehicle was causing the rear and the damaged one was in the front, and while they were driving, because of the driver of the causing vehicle under the influence of alcoholic drinks and speed without taking into account the road conditions, the accident",Police College intersection,No,80,None,4
Abu Dhabi,Shaabiya Police Station,2013,June,30-06-13,Abu Dhabi,Internal road,1.0013E+11,30,Fifth week,Traffic accident with injuries,Bypassing the red traffic light,1,Al Sharqi Street (Muroor) (4),Al Sharqi Street (Muroor) (4),Govt. authority,Intersection,day,clear,Dry,Perpendicular Intersection,Perpendicular collision,UAE,Y,Driver,Driver's seat,Minor,22,F,Female,22,18 to 30 years,Jun,UAE,Sunday,12:15,PM,18 to 30 years,1,Hadbat Al Zafaran,Block 20-1,13," Where the front of the causing vehicle collided at the back  of the damaged vehicle on the right side, and from the force of the collision, the driver of the damaged vehicle lost control of his vehicle, so it swerved to the far left and went up to the agricultural island separating the two directions, then got off it and turned around itself",Police College intersection,Yes,80,None,4
Abu Dhabi,Shaabiya Police Station,2013,June,30-06-13,Abu Dhabi,Internal road,1.0013E+11,30,Fifth week,Traffic accident with injuries,Bypassing the red traffic light,1,Al Sharqi Street (Muroor) (4),Al Sharqi Street (Muroor) (4),Govt. authority,Intersection,day,clear,Dry,Perpendicular Intersection,Perpendicular collision,UAE,N,Passenger,Back passenger seat,Minor,1,M,Male,1,1 to 7 years,Jun,UAE,Sunday,12:15,PM,Below 18 years,1,Hadbat Al Zafaran,Block 20-1,13,"And stabilized in the second lane, against the direction of traffic, how many permanent turns around itself",Police College intersection,No,80,None,4
Abu Dhabi,Shaabiya Police Station,2013,June,30-06-13,Abu Dhabi,Internal road,1.0013E+11,30,Fifth week,Traffic accident with injuries,Bypassing the red traffic light,1,Al Sharqi Street (Muroor) (4),Al Sharqi Street (Muroor) (4),Govt. authority,Intersection,day,clear,Dry,Perpendicular Intersection,Perpendicular collision,UAE,Y,Passenger,Back passenger seat,Moderate,21,F,Female,21,18 to 30 years,Jun,UAE,Sunday,12:15,PM,18 to 30 years,1,Hadbat Al Zafaran,Block 20-1,13,"And it stabilized against the direction of traffic on the far right. The accident resulted in bodily injuries, damage to state property and material damage to the two vehicles, and According to diagramed, the accident was occurred",Police College intersection,Yes,80,None,4